pct_lt_18,pct_65_and_over,pct_alcoholimpaired,pct_children_in_poverty,elevation,hosp_pp_rate,chronic_kidney_disease_pct,pct_drive_alone,pct_excessive_drinking,pct_fair_poor,pct_female,housing_dens,pct_free_or_reduced_lunch,pct_frequent_mental_distress,pct_frequent_physical_distress,pct_hispanic,pct_deep_poverty,pct_insufficient_sleep,pct_good_air,pop_dens,pct_long_commute_drives_alone,chronic_kidney_disease_std_spend,pct_nonhispanic_white,pct_not_proficient_in_english,diab_hosp_rate_adj,pct_physically_inactive,pct_rural,diabetes_incidence_2016,pct_severe_housing_cost_burden,pct_severe_housing_problems,pct_singleparent_households,pct_smokers,pct_some_college,pct_unemployed,pct_uninsured,diabetes_incidence_5_year_diff,diabetes_pct,pct_lack_basic_literacy,adm_pp_rate,pct_children_in_poverty_hispanic,average_daily_pm2.5,budget_administrative,budget_air,budget_disease,budget_emergency,budget_environmental,budget_health_equity,budget_health_info,budget_health_svcs,budget_laboratory_svcs,budget_planning,budget_prevention,budget_waste,budget_water,pct_children_in_poverty_white,pct_food_insecure,pct_homeowners,comm_hlth_cntrs_pp_rate,pct_lbw,diabetes_prevalence_2016,pct_limited_access,pct_screened,fips,county,state,food_environment_index,graduation_rate,pct_vaccinated,pct_with_access,ageadjusted_mortality,injury_death_rate,kidn_hosp_pp_rate,life_expectancy,mds_dos_pp_rate,mentally_unhealthy_days,dentist_rate,inadequate_facilities,diabetes_prevalence_5_year_diff,mhp_rate,overcrowding,pcp_rate,physically_unhealthy_days,population,preventable_hosp._rate,pct_adult_uninsured,pct_child_uninsured,short_hosp_pp_rate,teen_birth_rate,violent_crime_rate,frac_coll_plus2010,rent_twobed2015,traveltime15_2010,ann_avg_job_growth_2004_2013,pct_staying_in_same_tract_as_adults_rp_gp_pall,race_estimate_total_american_indian_and_alaska_native_alone,race_estimate_total_asian_alone,race_estimate_total_black_or_african_american_alone,race_estimate_total_native_hawaiian_and_other_pacific_islander_alone,race_estimate_total_some_other_race_alone,race_estimate_total_two_or_more_races,race_estimate_total_white_alone,pct_only_english,pct_other_languages,median_income,gini_index_of_income_inequality_estimate_gini_index,mean_hours,pct_vacant,median_value,association_rate,medicare_avg_age,medicare_pct_female,medicare_avg_hcc,medicare_std_adj_cost_pp,pct_medicare_beneficiaries,med_2br_rent_per_med_inc,walk_score,diabetes_std_spend,obesity_prevalence_2016,obesity_prevalence_5_year_diff,overobese_pct,pct_diabetic,pct_obese
18.802966102,27.145127119,18.181818182,42.8,7536.0,0.0,16.7197,74.058919804,12.104991381,28.953848927,47.695974576000005,2.1,83.402489627,14.083104,16.244199573,62.208686441000005,8.1,28.823523025,0.0,2.9,25.3,16378.223125,33.156779661,7.2895574197,1664.07,19.6,100.0,20.3,16.46385111,18.213058419,39.097744361,18.78240666,52.512998267,3.5480349345,14.732479277000001,11.9,19.4268,25.0,0.0,53.535353535,4.2,0.0,0.0,0.0,13.042155012101533,10.429672100065595,0.0,0.0,4.691231718666268,0.0,9.416433648759932,0.0,0.0,62.42050752040667,39.411764706,8.1,71.364795918,0.0002612330198537096,18.316831683,18.2,49.231556906,24.0,8023,Costilla County,CO,4.8,92.30769230799999,34.0,42.42338252,454.9,104.58523697,0.0,77.746585795,0.0,4.3779884309,0.0,4.4673539519,10.2,26.48305,0.9621993127,,4.837304914,3776.0,2730.0,17.497456765,7.2702331962,0.0,32.307692308,226.24434389,14.316078,557.0,44.813567,1.7328568,22.62,1.460859977949283,1.4884233737596473,0.35832414553472997,0.0,1.846747519294377,3.1146637265711132,91.73098125689084,53.71709574775817,1.417413942724906,29000.0,0.5199,38.1,43.75896700143472,114200.0,5.3748992206,69.0,45.629999999999995,0.85,7269.98,28.840042372881356,23.048275862068966,35.0,10813.013642,37.4,9.4,71.8,9.0,21.7
26.908759915,10.102212585,32.188841202,13.7,5283.0,0.9768143349457282,24.1094,77.665579012,19.677619071,14.830817166,49.510202378,139.7,53.479784842,10.355505238,10.726319656,40.046545183,4.6,31.037644759000006,54.52,378.2,45.1,22046.150059,50.146571615,6.665957215700001,1717.27,18.0,3.6204464191,9.0,14.538989332,18.486241461,30.814632830999997,18.069835361,56.641970711000006,3.0554683852,11.962599502,-0.4,23.9884,14.000000000000002,0.1117241163737526,23.198274216999998,9.2,0.27188630179413004,0.08633794040556156,0.0,0.029845001081201493,0.2800455934786073,0.42603739043415145,0.0,0.41828730687560967,12.38027648800303,0.0,5.892124467621971,4.542677437957475,75.67248207234833,6.073034151,8.1,64.751273783,2.735080137848039e-05,8.728668942,8.9,5.626211316900001,33.0,8001,Adams County,CO,8.8,75.098273799,44.0,92.481255789,322.2,73.814727082,1.9536286698914564e-06,79.15769188899999,1.1721772019348735,3.5140661337,62.60347000000001,0.5682180936,0.4,314.60728,4.9894656196,42.75503,3.4887859412,503167.0,3250.0,14.947970527,5.2157138349,5.860886009674369e-06,30.353612593,372.42750473,20.083889,1037.3242,18.204127,1.6261956000000002,18.35,1.197704212360357,3.908373475453522,3.2143076765399203,0.12380854770933689,5.172696525571386,3.4893922312186123,82.89371733114686,71.41178531126053,5.242842858821469,64087.0,0.4058,39.4,3.997636981243539,241900.0,4.4762308129,68.0,52.910000000000004,1.01,9913.46,10.60979754236665,19.423425031597674,61.0,15922.777521,29.8,3.2,66.6,7.6,26.8
26.527370479000002,18.927174976,16.666666667,28.2,7536.0,12.195121951219509,17.7756,77.279151943,15.057301752999999,23.371822498,49.670087977,3.3,60.395408163,12.587724964000001,13.980276593,52.113880743,4.5,28.58903011,0.0,6.4,31.7,22630.250448,44.94134897399999,3.3324517323,1583.26,19.5,100.0,11.2,11.63115613,14.576271186,22.792149866,17.06183625,60.691271236000006,4.2091836735,9.2276984493,3.1,24.5283,21.0,0.016707317073170733,32.837209302,4.4,0.0,0.0,0.0,22.170252632095337,15.665279595722389,0.0,0.0,22.863018276143602,9.335214156087373,17.4891669260191,0.0,0.3259956505243804,12.151072763407832,22.035480859,7.3,78.07486631,0.00024390243902439024,10.107816712,11.0,2.7094259371,21.0,8021,Conejos County,CO,9.2,89.18918918899998,27.0,22.117248061999998,414.2,119.5559351,0.0,76.061112851,0.0,4.0715804443,12.21896,0.3389830508,3.6,24.43793,3.1525423729,61.50818,4.361004487,8184.0,2827.0,11.146280805,5.402971634400001,0.00012195121951219512,32.200357782,44.952478808,18.580416,529.10547,25.890397999999998,-0.92682373,28.52,2.0498342948324537,0.07364674113170491,0.47870381735608214,0.12274456855284155,4.688842518718546,1.927089726279612,90.65913833312877,66.45067442475535,3.4911399100766993,35657.0,0.4386,38.6,31.70509016206345,113100.0,6.1508180588,71.0,49.76,0.94,9886.93,21.248778103616814,17.806505426704433,76.0,12932.462032,33.6,9.9,62.7,7.2,23.6
14.115716044000001,30.960196963,0.0,24.9,7860.0,0.0,12.0308,65.987933635,15.297763297000001,13.225810171,48.522773902,5.4,48.525469169,11.24439245,10.600425773,5.6421830119,3.6,24.987807844000002,0.0,5.8,29.8,12467.31529,90.213377103,0.7098694756,707.07,18.7,100.0,7.4,17.084942085,27.318295739,25.12,14.671794477,64.41717791399999,3.0272952854,12.105088128,-0.699999999999999,13.1858,7.000000000000001,0.0,,4.2,0.0,0.0,0.0,19.102019384686745,11.470504717958585,0.0,42.816484588312775,0.0,0.0,13.055054831419305,0.0,0.0,13.555936477622593,27.663551402,14.1,81.892021022,0.0,12.087912088,7.7,6.5990089389,36.0,8027,Custer County,CO,7.6,86.956521739,23.0,94.994124559,404.4,124.07497674,0.0,78.339128653,20.185708518368994,3.6674754286,,2.2556390977,0.2,41.03406,3.2581453634,43.45937,3.3939829478,4874.0,1728.0,12.873369794,9.431137724600001,0.0,19.53125,125.15644556,29.166666000000003,676.0,43.3213,-0.7329295400000001,15.55,0.9544950055493896,0.0,2.486126526082131,0.06659267480577138,0.6215316315205327,2.6637069922308543,93.20754716981132,93.38218456606367,2.747881841080833,41330.0,0.4331,36.5,52.366863905325445,248300.0,28.248587570999998,71.0,46.5,0.69,8065.8,30.283135002051704,19.627389305589162,7.0,7969.5650323,38.1,12.2,56.39999999999999,7.4,22.1
26.606103806,11.386851735,38.823529412,2.7,6300.0,1.166942843139543,19.9008,77.97353149899999,19.692556938,8.2891669546,50.113779045,127.2,11.621096624000002,8.7096712537,7.375829594500001,8.7140134626,1.7,24.896147522,59.07,339.7,42.3,20652.365081,82.578534383,0.7676982335,864.65,9.6,10.287425779,5.2,9.498727690099999,10.718624848,15.133267300000002,9.527502292000001,88.53945318,2.3905534669,3.6564112649,-0.3,16.8176,4.0,0.08767533316218172,7.1679709651999985,7.0,0.301532886211221,0.033050766567941384,1.3474337519829815,1.6334949282890803,2.6311636103005207,15.267846150727546,12.7535684553711,0.0,9.275537778148719,0.01081910042033394,0.0,2.226637247432212,54.518915324548345,3.1874593617,8.3,79.46554890600001,2.9173571078488576e-06,8.4990059642,5.5,1.7455362127,48.0,8035,Douglas County,CO,9.1,90.43345008799999,50.0,93.490270261,166.9,50.90486826,0.0,83.97351893,1.166942843139543,2.9316980071,66.80604,0.3329883454,0.0999999999999996,100.20907,0.9899653512,68.46564000000001,2.4857312471,335299.0,2721.0,4.3400695905,2.3380525618,8.752071323546573e-06,4.7001097553,113.61496356,54.559796999999996,1358.2217,20.831326,1.9968245,11.9,0.2539415467065495,4.4114164641365985,1.1858914438835921,0.06138218981741135,1.3955879603664236,3.011154732971895,89.68062566211754,90.72951255146766,5.7002922034798775,111154.0,0.3986,39.8,3.59611670224662,407100.0,6.0858346114,72.0,54.53,0.85,11914.45,11.081154432312653,14.663134390125412,8.0,14695.448658,21.3,3.5,56.7,4.9,18.6
22.228510918,10.839480025999999,29.032258065,8.8,6497.0,1.818413252595785,9.4432,73.942398346,22.947914536,10.586307261,47.007595122,18.6,40.864227250999996,9.2458419117,8.7833224918,29.701307236999998,2.9,23.58048243,0.0,31.0,30.0,20975.116551,67.059811583,6.3218504521000005,395.76,9.3,19.983907120999998,3.8,14.939689833,18.834080717,22.258441993,13.296327518,70.458777721,2.3165582563,12.873053965999999,-2.7,8.8631,13.0,0.039368646918698735,20.689013035,4.2,0.08338441824160263,0.11914284559939446,0.0,5.871009844158678,1.6537467662191583,0.0,6.170305418818634,0.5271900449135929,6.272873346269413,6.672531804988699,0.0,3.8813519974954582,68.74846351329539,0.9907422446,7.1,70.41373487199999,9.092066262978924e-05,9.2576028623,4.1,4.1579162517000015,45.0,8037,Eagle County,CO,9.1,70.766129032,47.0,97.844703719,139.5,49.673759183,0.0,89.74766171600002,3.63682650519157,3.0611992407,63.90126,1.2331838565,-2.2,153.36302999999995,3.615470852,79.64585,2.8888501207,54772.0,1688.0,14.432454583,8.3956251475,1.818413252595785e-05,19.542661428,144.27581038,45.145120999999996,1330.3702,43.460312,1.5238888000000002,20.05,0.42809812753601606,0.8710866247254587,0.8580575512787104,0.08748092171388153,7.195771135018426,1.6863343632505676,88.87317127647694,72.11856190268901,3.084746433447437,83803.0,0.4329,40.3,44.331286036600645,471100.0,8.3350312101,72.0,48.58,0.65,11975.98,8.902358869495362,19.049965275706125,58.0,12606.349467,16.3,1.1,45.5,3.3,13.8
21.123682181,13.383903317,0.0,18.5,10158.0,12.781186094069525,15.0943,67.022308438,19.844673775,14.934204187999999,46.01439958899999,11.3,60.890609874,10.917730553,10.814906990999999,36.153252764,7.4,27.124705005,0.0,19.4,46.6,18180.544083,60.259706866,3.7229558865,840.53,14.7,31.067031464,13.9,10.215736041,16.033057851,29.398324448,15.342347430999999,53.076601088000004,2.1559923906,12.068965517,6.2,14.8041,19.0,0.0006390593047034765,14.319248825999999,3.9,0.0,0.0,0.0,4.128030862213309,1.705316202726704,0.0,0.0,21.829034328203583,0.0,4.904921608622129,20.213738141430106,2.686288078886164,44.532670777918,8.7527352298,8.7,57.581227436999995,0.00025562372188139056,11.171171171,13.0,7.884144429299999,36.0,8065,Lake County,CO,8.4,54.666666667,46.0,98.659370725,293.3,74.579160452,0.0,80.55961494,0.0,3.5303679182,51.4271,0.0,5.7,51.4271,3.4710743802,78.76083,3.3827176341000005,7778.0,1361.0,13.97043936,6.4573459716,0.00012781186094069528,35.003431709000004,201.54517971,20.416188,749.54309,37.771544,1.2872895,26.669999999999998,0.3074455286726373,0.6416254511428954,0.12030477208929287,0.46785189145836115,9.22336586017912,1.1495789332976876,88.08982756316,81.01994942399551,2.177577971340264,46176.0,0.4092,40.7,29.06530089628681,197600.0,13.126804936,70.0,48.76,0.75,9882.29,11.416816662381075,19.47877053014553,71.0,14388.693083000002,33.0,8.6,61.1,5.5,20.1
19.120689345,16.472683445,42.222222222,11.2,6550.0,3.551767004084532,17.3429,73.817567568,20.588112624,11.181260107,49.547572361,15.3,33.23491656,10.60666797,9.2118451074,12.833474249000002,4.7,23.2892142,65.75,30.3,27.2,15617.062624,78.57309899399999,0.6578438201,661.02,11.7,59.94857209600001,5.8,13.456602339000002,15.059260981,25.708540789,12.939087465999998,76.332288401,2.4500993284,10.329271798999999,-1.3,13.1344,7.000000000000001,0.081974782454271,12.659423712999999,5.0,0.0,0.16772530189795667,0.07886408736369276,3.8791090007333695,11.46156576525614,0.0,0.6338918686737929,0.8365091664722429,7.30540028557443,7.352554385234581,6.675980326110508,2.3079177691984367,59.300482043484834,7.2611816676,11.1,68.200568338,5.327650506126798e-05,7.4578989575,6.0,4.3927139194,40.0,8067,La Plata County,CO,8.3,83.261802575,44.0,78.396384463,243.8,80.535045557,0.0,82.005741501,1.775883502042266,3.5792569986,88.14694,0.7204276086,-0.5,368.778,1.8126888218,107.86905,3.0625104474,55589.0,1807.0,11.593867515,6.4131312225,1.7758835020422655e-05,14.844582957,174.58228218,40.68045,964.34424,36.553928,0.31545404,20.36,5.924470799904532,0.6352237052268264,0.5030384255264462,0.049569479887642515,1.8652811691053626,2.3499605280067564,88.67245589234244,88.83213373577897,3.606532002167015,62533.0,0.4364,37.6,19.452135710857608,356700.0,10.607122953,72.0,50.63999999999999,0.75,9578.55,16.490672615085717,18.50563843090848,38.0,11661.452692,21.8,1.7,48.9,4.9,16.7
25.809153911,14.835122990999999,33.333333333,15.2,6285.0,7.582650894752806,13.7117,72.554002541,18.561280681,13.921862365,48.56446576800001,1.3,44.434429923,10.486752536000001,10.361144701,15.70329754,4.6,28.176941365999998,79.15,2.9,22.8,21339.416825,80.412763689,1.9343780607,1459.61,19.9,27.357738311,10.9,10.301810865,15.045135405999998,23.982869379,15.529455569000001,51.230101302,3.3220338983,9.8140865213,2.3,21.301,11.0,0.08219593569912041,7.876230661,4.3,0.0,1.7236998405708919,0.0,0.0,0.0,1.059772042631255,0.0,0.0,0.0,12.367995850363602,0.0,3.777601545050525,81.07093072138372,7.054963084500001,11.2,69.821673525,0.00015165301789505612,8.564631245,10.7,8.314667074299999,35.0,8081,Moffat County,CO,8.0,81.35593220300001,44.0,76.571221457,380.5,101.2145749,0.0,79.871802039,7.582650894752806,3.3766880322,38.07783,0.6018054161999999,2.7,152.31132,1.9859578736,45.77008,3.3606539575,13131.0,4036.0,11.536511156,5.8636626228,7.582650894752806e-05,42.63138552,159.08738165,14.663829,663.7041,48.946901999999994,-0.47492152000000004,21.8,0.5974264705882354,0.17616421568627452,0.9650735294117649,0.5897671568627451,0.9497549019607843,1.8535539215686274,94.86825980392156,89.32419196865817,1.5915768854064642,53010.0,0.424,38.5,18.573480134035425,169200.0,11.442520406,71.0,51.25999999999999,0.79,11510.25,15.208285736044475,15.024427843803057,67.0,11063.644271,32.6,1.6,61.6,7.5,24.9
15.231973169000002,18.468418111,16.666666667,6.8,7928.0,5.571030640668523,,51.803101334,23.204575899,9.5969609502,47.95416433800001,13.3,11.095571095999999,9.482342937,8.855372003200001,10.139742873,4.2,24.616017013,100.0,17.7,19.8,21596.128679,85.679150363,0.6834786708,207.62,10.8,44.203405645,2.9,15.99546228,18.626155878,29.873772791,12.700586505,77.353342428,3.0910079768000003,12.054664127999999,-3.2,,6.0,0.049749303621169916,8.1794195251,4.0,0.0,0.18077383602005337,0.0,4.926374626285577,2.9479083259523575,0.0,0.0,0.8473138614015963,14.112014888991295,11.519354540793495,0.0,25.247729252784794,40.21853066777084,3.7374658159,11.7,64.809264305,5.571030640668524e-05,10.065645514,3.2,1.7181700193,43.0,8097,Pitkin County,CO,8.5,92.80575539600001,50.0,93.66106834600001,129.8,62.19327408,0.0,92.918755408,0.0,3.1420890265,55.89715,1.6380449141,-3.0,313.02404,1.9154557464,73.23119,2.9612232191000003,17890.0,1066.0,12.621035058,9.6673596674,5.571030640668524e-05,3.895184136,62.071495077,59.415734,1509.3875,48.411906,-0.08776208900000002,19.1,0.1859469206062997,1.3861497717924156,1.5270186510396124,0.0,3.7076689017862168,1.5382881613793882,91.65492759339607,85.95922696205514,5.544426113598869,67755.0,0.5759,39.9,45.926035067039926,593600.0,19.716088327999998,73.0,48.17,0.65,13818.65,14.678591391839015,26.732565862297985,84.0,10723.28,18.7,1.9,36.6,4.7,15.3
23.059906203,19.591186621,7.1428571429,26.3,7884.0,8.888888888888891,19.7118,78.120835184,15.71661573,17.160647281,50.07521458300001,7.3,58.299798793,11.292465664000002,11.868778294,44.066896735,7.2,25.945847199,0.0,13.1,17.7,17376.250173,52.535173878,3.5135135135000004,1503.09,15.3,62.535469871000004,10.0,13.286405631,15.926327194,23.835920177,13.698436807,58.627300613,4.334251607,12.177491103,1.6,20.6382,16.0,0.04986666666666666,24.404761905,4.4,0.0,0.0,0.0,4.746844889792577,12.30394720641738,0.0,0.0,2.75524838551119,13.331734003504305,2.1839786814288202,0.0,3.2573889643486247,61.4208578689971,23.392857143,9.4,66.168421053,8.888888888888889e-05,10.710607621,9.8,5.3681933528,30.0,8105,Rio Grande County,CO,8.5,84.939759036,33.0,78.350859623,411.0,119.51570159,0.0,76.783408925,0.0,3.6495122138,61.941419999999994,1.0834236186,2.1,26.54632,3.4452871073,113.25028,3.8054110786,11301.0,4530.0,14.441501792,6.656859139400001,8.888888888888889e-05,35.225048924,200.85582045,19.437934000000002,491.27466,53.320074,-3.8796086,29.26,2.388451443569554,0.2274715660542432,0.594925634295713,0.20122484689413822,3.5258092738407703,1.4260717410323709,91.63604549431321,72.80521901211556,2.6188257222739986,38534.0,0.4641,38.7,29.357525282569895,143000.0,19.165432529,72.0,51.17,0.89,9278.72,25.555260596407397,15.298946177401776,76.0,11615.19472,34.4,5.9,72.0,7.3,23.0
25.365853659000006,20.433604336,40.0,21.4,4284.0,53.30490405117271,,73.139158576,18.819087537,12.289804253,49.70189701899999,0.6,45.625,10.277793283,9.5778100051,11.761517615,4.3,26.273965876,0.0,1.0,11.3,21766.327885,85.040650407,1.5995872033,1252.94,22.5,100.0,21.2,8.146067415700001,7.382550335599999,14.351851852000001,13.528306367999999,59.8,1.7467248908000002,13.424657534000001,12.4,,11.0,0.031982942430703626,18.75,5.8,0.0,0.0,0.0,4.79906479715606,5.032524085466493,0.0,0.0,0.0,60.03293252387554,3.990031472941942,0.0,0.0,26.14544712055997,8.971553610499999,10.2,73.45360824699999,0.0,5.4644808743,18.4,9.8792927929,16.0,8017,Cheyenne County,CO,8.0,88.888888889,33.0,55.174291939,,118.49617581,0.0,78.040394065,0.0,3.4460484085000003,0.0,1.0738255034,10.5,,0.5369127517,54.11255,3.1174861414,1845.0,4205.0,14.44332999,11.387163561,0.0005330490405117272,,80.14961261,18.454364,608.0,67.239529,-3.5851574999999998,26.490000000000002,0.18805829807240246,3.05594734367654,0.0470145745181006,0.14104372355430186,0.09402914903620123,2.1156558533145273,94.35825105782793,88.18369453044376,2.5283797729618156,54907.0,0.4023,44.0,15.743756786102061,90000.0,10.822510823,74.0,53.56000000000001,0.84,9452.08,18.26558265582656,13.28792321561914,30.0,9485.4945455,32.4,0.5999999999999979,66.2,6.9,22.8
14.920848771,17.295385652,28.571428571,34.8,3891.0,0.0,23.9456,77.735849057,17.781493539,20.760108993,34.489727181,1.5,68.09045226100001,11.887792583,13.268047905,32.586729539000004,7.5,31.043706994,0.0,4.3,20.1,16118.344975999997,55.96160323300001,2.4490525563,1930.26,19.4,37.959686106,13.5,21.829268293000002,18.042813455999998,29.125138427,20.664542499,33.219678519,2.7012987013,12.458908613,3.6,23.1293,16.0,0.0,38.043478261,5.4,0.0,0.0,0.0,8.808586523251043,7.988317173948029,0.0,0.0,0.0,14.464927640979106,15.331227597303016,0.0,0.0,53.40694106451881,28.16091954,13.1,62.556818182,0.00017001020061203673,10.780669145,13.2,12.101555187999999,31.0,8011,Bent County,CO,7.3,70.108695652,37.0,85.120787814,451.9,100.18309324,0.0,77.796382362,0.0,3.8031767695,,0.6116207951,4.3,84.20344,3.3639143731,17.06193,4.0835545338,5938.0,6589.0,15.151515152,5.6306306306,0.0,28.540065862,133.48758565,13.209681000000002,545.0,50.178999000000005,-4.2666740999999995,26.72,0.9645194626248709,0.44781260764726144,6.062693765070618,0.0,1.3262142611091972,1.3089906992766105,89.88976920427145,86.25312835180551,0.9116910976045765,32500.0,0.47,38.8,21.847246891651864,77700.0,6.824773929400001,71.0,51.78,1.03,8511.35,16.082856180532165,20.123076923076923,62.0,12732.27319,39.3,8.4,76.7,6.9,25.4
12.203098107,13.356282272,50.0,37.6,4310.0,0.0,23.5294,78.268251273,17.841836728,23.50594932,26.574870911999998,2.0,72.99771167,12.803404399000001,14.508212201,31.222030981,5.0,32.396830172,0.0,7.4,37.2,16141.035069,54.337349398,3.3545727136,1690.88,17.2,100.0,14.0,17.652173913,15.811965812,32.451253482,22.025341021,33.720255369,3.0864197531,8.2534389329,3.7,30.8824,14.000000000000002,0.0,29.411764706,5.4,0.0,0.0,0.0,49.40288321579275,0.0,0.0,0.0,0.0,0.0,0.0,0.0,0.0,50.59711678420725,30.841121495,14.5,73.909465021,0.0,9.3495934959,13.5,4.8635991993,38.0,8025,Crowley County,CO,7.7,82.75862069,32.0,33.127253993000004,362.4,93.700446879,0.0,78.06036440000003,0.0,4.0030492081,,1.6239316239,4.3,,2.0512820513,17.56235,4.3925270543,5810.0,5123.0,9.794721407599999,4.8582995951,0.0,50.874403816000004,65.18904824,12.165681000000001,525.0,49.578059,-2.1783972,26.27,1.414581066376496,0.4715270221254987,4.298150163220892,0.0,1.759158505622053,5.059847660500544,86.99673558215451,87.21889055472263,1.705397301349325,35292.0,0.4201,35.8,23.440453686200367,79700.0,7.024938531799999,69.0,51.43,0.96,8518.93,12.994836488812393,17.851071064263856,0.0,13005.336484,43.1,12.8,68.8,6.1,22.9
19.54523464,24.673439768,40.0,16.0,6693.0,0.0,21.4286,60.333761232,16.14063163,16.101309068,47.02467344,1.4,55.849056604,12.412182017000001,11.906838182000001,6.482825350700001,4.7,26.777227454000002,0.0,1.9,35.5,13590.569457,87.76003870299999,0.0,640.78,16.9,100.0,8.8,7.5384615385,16.312056738,39.058171745,16.707549425,57.777777778,2.9876977152999995,10.911424904,0.30000000000000104,19.5767,11.0,0.0,,4.4,0.0,0.0,0.0,7.969321552423837,9.966445941463666,0.0,0.0,0.0,22.301196024272983,15.522411023765665,0.0,0.0,44.24062545807384,,14.9,79.773691655,0.0004821600771456124,17.391304348,9.0,48.664563,34.0,8033,Dolores County,CO,3.6,81.818181818,32.0,27.810077519,306.7,118.71784725,0.0,78.076101014,0.0,4.0259160739,96.75859,1.9858156028,0.9,48.37929000000001,3.2624113475,,3.791615375,2067.0,3391.0,12.357581069,7.029478458,0.0,,175.3507014,14.876033,625.0,53.634083,0.21739814000000002,23.46,0.8640552995391706,0.0,0.0,0.0,0.0576036866359447,3.3410138248847936,95.73732718894009,97.66885833831441,0.6575014943215779,40352.0,0.4477,40.5,50.28129395218003,122000.0,4.8638132296,71.0,47.33,0.79,7964.51,25.06047411707789,18.586439333862014,11.0,9688.6275,28.7,2.6,58.4,7.3,18.6
11.608391608,23.356643357,0.0,21.3,9322.0,0.0,,47.213114753999996,18.900423266,12.970266037,42.937062937,2.0,60.0,10.487889051,10.039910549,12.167832168,1.9,26.812702778000002,93.75,1.8,13.2,12635.224211,83.916083916,0.0,365.0,15.3,100.0,10.1,14.901960784000002,21.428571429,45.744680851000005,15.562056282,53.781512605,2.2304832714,9.9811676083,1.7,,6.0,0.0,,4.0,0.0,0.0,0.0,16.6002818493281,9.455451463481424,0.0,33.89717398298485,0.0,0.0,14.889164803914046,0.0,4.863613465883838,20.29431443440775,,7.9,67.058823529,0.0,,10.5,41.186526195999996,24.0,8111,San Juan County,CO,5.6,50.0,53.0,99.713876967,,,0.0,,0.0,3.4436872932,0.0,1.4285714286000002,2.4,0.0,1.4285714286000002,144.09222,3.273774856,715.0,,10.792951542,5.7471264368,0.0,,71.83908046,30.794165,1150.0,69.387758,-1.6191507,21.790000000000003,0.5272407732864675,0.0,0.0,0.0,2.284710017574693,0.0,97.18804920913884,90.53803339517624,4.081632653061224,46397.0,0.4031,41.8,64.48467966573817,269400.0,14.409221902,72.0,48.82,0.64,7095.9,,29.743302368687633,38.0,8942.975555600002,34.7,6.5,54.29999999999999,7.1,20.4
16.967509025,22.093862815999998,50.0,25.6,8099.0,0.0,,61.166429586999996,17.632496462,13.469415867999999,47.220216606,0.8,48.958333333,10.952588982,10.510797901,13.140794224,8.1,26.726187746,96.2,0.9,43.2,20730.946667,84.0433213,2.1044427124,789.75,17.6,100.0,15.5,9.8591549296,9.756097561,4.1522491349,14.970942767,53.138075314,1.7653167186,15.033301618,8.0,,10.0,0.0,28.571428571,3.4,0.0,0.0,0.0,0.0,46.4278227436952,0.0,0.0,0.0,0.0,47.38024395593506,0.0,0.0,6.191933300369748,17.307692308,11.1,70.35175879399999,0.0,26.136363636,14.3,8.056575582699999,38.0,8057,Jackson County,CO,8.0,100.0,37.0,87.159253945,367.5,,0.0,,0.0,3.5395855132,0.0,0.0,7.0,288.8086600000001,0.6504065041,73.69197,3.4069260938,1385.0,,16.306954435999998,11.440677965999999,0.0,,0.0,21.710527,742.0,62.264149999999994,-3.8202655,11.72,0.3644314868804665,0.0,0.0,0.0,6.049562682215743,0.3644314868804665,93.22157434402331,83.71005455962587,0.0,45994.0,0.3843,40.0,54.49695121951219,171300.0,22.107590273000003,72.0,48.620000000000005,0.74,10562.46,22.599277978339348,19.359046832195503,39.0,16466.16,39.0,10.1,57.8,7.5,22.6
19.892957648,15.11558946,30.573248408,8.9,5001.0,1.4264602673757123,17.0214,75.03303523,21.505528041999998,10.367827333,50.07238877100001,51.1,33.581659531999996,9.764857129,9.4423184874,11.445856688,6.4,25.076056051,55.07,115.4,26.3,20281.254782,82.75519222300001,0.9874911404,1118.08,12.2,11.660381137,5.6,15.80903351,17.256672527,24.705226859,12.607448045,79.831207111,2.4333107789,7.2794932812,-0.9,16.2404,7.000000000000001,0.09285115172401988,22.525934464000002,6.6,0.11429911548722893,3.4813317102918435,0.0,6.913043750603578,5.300351320913303,0.06224099424674369,7.8963306129967465,2.5089011280933162,2.6772039935899286,7.7292857836984545,4.30297486750335,1.6374368365972911,57.37659988597821,7.3929401123,12.4,64.846515762,1.997044374325997e-05,8.408966186799999,5.6,4.651516851,46.0,8069,Larimer County,CO,8.1,79.215456674,52.0,92.546473985,249.6,69.254417081,0.0,81.384181291,0.2852920534751425,3.1829714935,79.94744,1.0348409781,-0.4,316.8825700000001,1.4943263544999998,87.35474,2.9528122129,343976.0,2572.0,8.2777705551,4.3189881228,1.4264602673757126e-05,12.407525354,201.12825097,43.402416,983.4888300000001,36.096725,0.541818,13.68,0.6435511940442812,2.0536232234361402,0.9224233781301364,0.09033887653485448,1.8886565793290142,3.1537029875277964,91.24770376099778,91.01264933688358,3.6402761016288974,64980.0,0.4503,37.5,8.510817290840004,306600.0,9.23548426,72.0,54.92,0.83,10648.47,15.587424704049118,18.162305263157897,23.0,14397.361634,22.1,0.30000000000000104,53.5,5.1,18.8
18.487394958,17.190354403,24.137931034,18.3,3939.0,4.645113340765515,21.0328,75.736311524,20.962332476,13.7165516,44.240957252,4.9,47.070775483,10.531064977,10.386938255,16.085129704,7.2,26.61342855,0.0,12.4,16.9,20702.401437,77.13737669,2.6621227836,1634.36,21.1,29.155841296,14.3,13.332482775999999,14.312617702,30.107526882,15.638034075,55.509745126999995,2.3454918398,10.678258561,4.4,23.1532,11.0,0.04775176514306949,18.567961165,5.7,0.0,0.0,0.0918853520587448,5.553816043327281,6.906066306594437,0.0,0.27442148458597304,0.0,14.998611777724024,9.336948426519765,0.0,0.6510996046882657,62.187151004501494,15.290620872,13.1,61.98012513800001,4.645113340765515e-05,7.4859638178,13.3,6.6747155437,38.0,8075,Logan County,CO,7.8,87.38317757,39.0,83.99753401699999,372.8,86.623054365,0.0,78.544784083,0.0,3.3851634410000004,63.93861999999999,1.6321406152000002,4.5,274.02265,2.1845574388,77.55828000000002,3.3501040595,21896.0,3728.0,12.202568017,6.5034797216,4.645113340765515e-05,25.888019266,301.13036248,18.294246,619.90057,58.318746,-0.047606239,22.52,0.8681745487777016,0.9549920036554721,1.1606122915238748,0.0,0.6625542609092986,4.523646333104867,91.83002056202879,93.07551736059663,0.933471625425989,44876.0,0.4513,39.9,10.102569758464762,148700.0,13.23053059,72.0,53.18999999999999,0.92,10162.79,17.889112166605774,16.576358944647474,76.0,12565.515286,44.2,15.7,61.6,9.3,33.4
22.402448355,21.323641928,32.0,24.5,6177.0,3.8229222417616016,16.0197,78.756712478,17.058384342,16.538831895,50.501147666,6.0,60.281065088999995,12.749055813,12.224635464,12.631981637,7.8,28.05402674,72.14,12.6,21.2,14460.994099,72.34889058899999,0.4710743802,933.27,18.0,67.182298806,15.0,12.292490119000002,15.266442630999999,30.247991616999997,17.34369205,60.457395795,4.0006154793,13.488000751,7.7,17.3211,11.0,0.04124933098860769,46.935041171,5.1,0.0,1.772862142385513,0.0,3.5892996224653495,8.097181934063324,0.0,2.8937960370311115,12.78816295081914,0.0,4.630023763024755,0.0,5.3107057586748,60.917967791535986,18.100089901,14.4,70.19961977199999,7.645844483523205e-05,8.1800580833,14.2,7.4335716395,30.0,8083,Montezuma County,CO,7.5,74.349442379,37.0,79.150186019,362.4,129.28297672,0.0,78.389186329,0.0,4.2806337162,61.20887999999999,1.5362457993,7.6,133.89441000000002,3.1685069611000003,85.18834,4.0307430332,26140.0,2474.0,15.65941269,8.1276528848,3.8229222417616025e-05,41.906958861999996,159.32125307,25.705883,707.9368900000003,48.582029,-0.15974713000000001,23.46,11.89755529685681,0.10477299185098954,0.38416763678696153,0.12029491656965466,1.6375630578191698,2.852153667054715,83.0034924330617,88.39256198347107,6.256198347107437,45645.0,0.4208,38.9,14.087382605144954,197900.0,9.6299862958,72.0,51.61,0.81,8719.21,22.64345830145371,18.611551495234973,81.0,11216.070377,33.3,8.4,66.6,8.2,24.3
17.585038283,13.581021715,53.84615384600001,9.6,7017.0,0.0,8.9096,45.941315057,21.268353893,11.108821812,46.391364378,5.2,28.871391076,10.217144375,9.3366086896,10.330111711,4.5,26.334091622,100.0,5.7,28.8,11217.40791,86.418978285,0.6030554811,398.5,12.1,100.0,4.0,23.313828149000006,31.419939576999997,24.861495845,14.799194733,77.424547284,2.8534370947000003,11.46979003,-3.2,,6.0,0.0,25.108225108000003,4.6,0.0,0.4935381854458567,0.0,5.290981780625255,3.1706187559429897,0.0,6.232092755793117,0.0,0.34411585894665725,6.458553965803436,0.0,3.545984481897286,74.46411421554542,7.757885762999999,12.9,59.800060588,0.00012208521548040532,7.740585774099999,4.6,1.948093739,37.0,8113,San Miguel County,CO,8.2,96.739130435,34.0,82.11713548,144.4,73.639572383,0.0,97.96523541100001,0.0,3.388843496,62.75888000000001,4.6827794562000005,-2.3,301.24263,3.4441087613,74.84096,3.0162234260000003,7967.0,865.0,12.051702165999998,9.5359186268,0.0,,114.0034201,49.152419,910.3261699999999,47.954267,-0.81545031,13.170000000000002,0.4100461301896463,1.255766273705792,0.17939518195797027,0.0,0.7560225525371606,1.7042542286007174,95.69451563300872,89.41302599839184,2.278209595282766,62243.0,0.5286,39.5,51.19030016264971,485000.0,9.9787950605,71.0,44.99,0.62,7790.18,11.422116229446464,17.550429831466992,0.0,9596.715,25.6,4.2,31.4,5.4,17.6
17.471394953,20.826909032,47.368421053,13.6,6875.0,3.986763943706893,16.2627,75.43495196100001,19.751134413,9.057394902999999,49.062728232,22.7,36.089698669,9.5000126312,8.2870832974,6.3417998864,3.7,23.028347779,0.0,41.9,54.7,17646.859509,89.016473261,0.4466044923,840.4,16.7,62.60385439,6.7,12.006861062999999,14.457202505,28.948598131,13.514000842,71.245583039,3.2374691865,7.6911035742,-1.1,15.8412,6.0,0.01961487860303792,,5.0,0.0,0.0,0.0,5.566497066364216,3.082755248124714,0.0,0.3978737336984433,0.0,17.678155913967835,12.439455963737528,0.0,0.0,60.83526207410728,,10.7,80.72647876100001,3.9867639437068924e-05,12.64,7.1,1.7797098552,30.0,8119,Teller County,CO,8.6,76.495726496,40.0,81.319057816,320.1,90.956559821,0.0,80.62542801,3.986763943706893,3.1178702849,52.7469,0.7306889353,-0.100000000000001,142.01086999999995,1.388308977,58.22901,2.689594232,24646.0,3049.0,8.4634456879,5.1344743276,3.9867639437068924e-05,15.862524785,242.00111363,31.321642,928.04163,25.467311999999996,-0.9802071400000001,10.94,0.3828516134460852,1.1106903950523792,0.6647313727964996,0.0,0.8246034751146452,2.5032605494551725,94.51386259413522,95.7178510442664,2.4519462323219052,66809.0,0.4081,38.9,22.51018995616396,261100.0,12.893565695,70.0,48.5,0.74,10227.53,21.938651302442587,16.66916068194405,30.0,12539.731873,25.9,6.8,53.0,8.0,20.3
26.243176179000002,18.004962779,12.5,17.1,3575.0,19.96007984031936,14.125,68.808458723,17.497391915999998,14.828488777999999,50.282878411999995,1.9,57.158836689,10.946184332,10.465623909,23.483870968,7.3,24.406695936,0.0,4.3,17.2,21439.481169,74.59057072,7.0555436414,1427.99,18.1,64.910883202,11.5,9.2119275825,10.090556273999999,25.441176471,15.004031267,62.782258065,1.6241704506,12.128003985,3.8,19.875,14.000000000000002,0.03722554890219562,32.397408207,5.9,0.0,0.0,0.0,0.07473195019550626,0.0,0.0,19.088738859978047,0.0,70.22899480428609,0.0,0.0,3.66138893580856,6.9461454497318105,15.149700599,11.0,62.028127313,0.0,6.9375619425,11.6,6.7939646676,40.0,8125,Yuma County,CO,8.1,86.0,15.0,72.139798865,284.2,69.064861772,0.0,80.026341403,0.0,3.4566881061,39.70223,0.1034928849,4.5,99.25558000000001,2.6908150065,39.5922,3.4090246623,10075.0,3596.0,14.345914254,7.575757575800001,0.0001996007984031936,33.124440465999996,4.9002793159,17.702015,642.11658,60.412478,-2.9859634,29.13,0.3165496092590761,0.0,1.4739341181125731,0.0,2.8291621327529928,1.8894054802651101,93.49094865961024,81.87861891486168,0.6755307741797129,44668.0,0.444,42.1,9.71263087547338,148800.0,17.816490151,73.0,54.400000000000006,0.8,12105.39,18.014888337468985,17.25037825736545,48.0,12232.0008,34.3,4.6,58.5,7.6,25.2
19.415591261,13.711652827,27.450980391999998,9.8,5445.0,1.5333754500456944,13.9289,64.733935743,23.596602586,9.4492212574,49.658929535,175.0,27.830619704,9.4440481911,8.8995277501,13.938619719,7.0,23.443086016,60.5,405.6,27.7,21986.367027,77.850263865,2.0308845726,852.16,9.3,8.9130825924,5.1,17.786625896,19.687385218,24.849744246,10.954005329000001,82.36857294,2.4275897502,7.1760976348000005,-0.800000000000001,13.8851,7.000000000000001,0.10838511031102988,29.024556617,7.7,0.013884977934152746,1.3651567289586255,0.026034333626536392,15.944834960451646,6.274803143955003,0.022673058168236695,3.5545240818912047,0.04409383017659216,2.1939853577437005,6.372816092393953,0.28927088274403967,0.7199699852319792,63.177952566724294,6.187653607100001,11.9,62.239054277,1.5333754500456945e-05,7.9108216433,5.4,3.0818909238,45.0,8013,Boulder County,CO,8.3,87.785910339,51.0,96.62793184600001,210.5,68.09478844899999,0.0,82.85410883600001,1.5333754500456944,3.0606339752,100.15069,1.0774190915,-0.19999999999999896,655.1653600000002,1.8814022773,123.51579,2.9360337306,322514.0,2793.0,8.3392362366,3.6691616766,1.2267003600365555e-05,8.6643685075,242.3764358,57.194030000000005,1231.4741,35.550568,0.45500491,13.96,0.530964511872518,4.515723746930066,0.8640011111742458,0.08554778996281352,2.4212234280988185,2.9398766344047327,88.6426627775568,83.88827149231203,6.816500522483373,75669.0,0.4792,36.7,5.854624588670266,423500.0,9.4654062677,72.0,54.17000000000001,0.81,10834.74,13.764363717544045,19.529383499187247,39.0,14493.608753,17.0,0.30000000000000104,46.0,4.2,14.9
21.347788784000002,15.825598627,35.714285714,7.2,6300.0,0.0,17.4424,77.949709865,18.776599551,10.079705657,49.520318228,4.8,21.585109576999997,9.042281093,8.1319056506,7.0899305826,2.3,25.616058731,0.0,12.5,70.4,20520.241442,88.83082442899997,0.2038562813,1034.19,16.9,100.0,6.6,11.022988505999999,15.805109923,14.272576789,13.20906097,74.285113541,2.4354501047,7.371975239199999,0.5,16.3984,6.0,0.0,8.8,6.2,0.0,0.0,0.0,0.0,0.0,0.0,0.0,0.0,58.70374192663505,31.60863083199464,0.0,0.0,9.687627241370317,4.9944506104,8.4,89.837581773,3.8048854729472636e-05,8.832807571,6.7,7.4583149198,39.0,8039,Elbert County,CO,8.5,86.153846154,39.0,56.943602183,235.9,62.330009066,0.0,81.647748118,3.804885472947265,2.9285069260000003,15.59941,0.8318478907,0.8,109.19585,2.2459893048,19.81689,2.7528491443000003,25642.0,3660.0,8.048213949400001,5.5448661886,0.0,7.893852872,4.2722262571,29.211572000000004,965.81915,11.950068,-0.15596558,14.979999999999999,0.7290351484543641,0.8430741660896836,0.6679428175783,0.028509754408829878,1.0630065572435141,2.598460473261923,94.0699710829634,95.87191030323622,1.584133186103797,92849.0,0.409,40.8,4.92225201072386,380000.0,6.7377432523000005,71.0,51.41,0.78,11117.24,15.147024413072302,12.482449784057987,8.0,15687.578333,32.7,10.4,61.9,6.0,23.8
18.872032589,23.697148476,39.130434783000005,31.5,5746.0,6.8951251465214085,19.1286,71.55450076300001,16.480836525,18.32656262,47.801657536,1.7,55.555555556,10.980724344,11.428509603,41.789577188,7.1,27.280525008,0.0,3.3,21.1,18980.034109,53.090321673999995,1.7236277556,2056.99,23.0,40.794479912,11.5,15.881962865,17.167381974,30.020283975999998,15.051321088,57.770597738,4.0465190378,10.272536687999999,2.1,23.278,14.000000000000002,0.04605943597876302,26.30834512,4.8,0.0,0.0,0.0,2.2350257259295985,9.527227277192987,0.0,0.5610086983988718,4.092668707504695,3.260090888718264,7.469654868102893,0.0,4.217740814055543,68.63658302009716,14.971209213,8.3,65.892207997,6.895125146521409e-05,9.3585699264,11.2,15.41721668,28.0,8071,Las Animas County,CO,7.8,85.620915033,31.0,80.389501515,500.7,157.97565482,0.0,75.437595914,0.0,3.6537155653,49.16421,1.0300429185,2.8,147.49263,1.0128755365,70.9069,3.7384555596,14238.0,4698.0,11.83733727,5.873660879199999,6.895125146521409e-05,39.93344426,146.89423615,19.264911,662.11224,50.812787,-2.5530431,26.19,3.5898523072574378,0.8197300544131156,0.9045297152144723,0.14133276800226133,5.222245777683556,4.2187831248675005,85.10352625256165,83.62183754993342,3.0403905903240123,40586.0,0.454,36.9,25.843881856540087,145900.0,13.472310855999998,70.0,49.35,0.83,9905.75,26.07810085686192,19.576570443009906,48.0,11320.04202,36.8,8.6,72.9,8.3,24.5
20.122610891,17.778579156,21.052631579,23.5,5560.0,17.825311942959,16.3728,72.303409882,19.651017674000002,14.95136071,42.318788315999996,0.9,41.713483146,10.795841422,10.599445581,13.811756221,6.2,30.452834359,0.0,2.1,18.9,19217.462258,77.87594662800001,3.3953577594,1238.95,19.4,100.0,14.2,10.696338837,13.432835821,27.762557078,15.575052963,22.86049238,2.1214642263,10.348583878,3.3,20.403,11.0,0.037611408199643495,41.758241758000004,5.5,0.0,0.0,0.0,7.624293825732788,41.58162766595119,0.0,1.4395781552306914,0.0,13.878109247685956,7.73974799378229,0.0,0.0,27.736643111617088,9.151785714299999,12.3,69.126607989,0.00017825311942958999,8.8161209068,13.5,9.5222526074,31.0,8073,Lincoln County,CO,7.6,78.048780488,45.0,59.831717578,293.5,68.626742758,0.0,80.360177728,0.0,3.550934222,126.21708999999998,2.328358209,3.6,198.34115000000003,0.4776119403,17.721069999999994,3.3961589610000003,5546.0,4114.0,11.457131872,7.7945084145,0.00017825311942958999,21.233569262,99.791345369,15.251107999999999,,58.327526,-4.1920457,25.85,1.0326086956521736,0.16304347826086957,9.130434782608695,0.2536231884057972,0.48913043478260865,0.9963768115942028,87.93478260869566,91.42528294647995,0.6330328026088625,44725.0,0.4427,40.0,22.38570677877036,132100.0,12.404749247,73.0,55.27000000000001,0.9,9756.44,17.652362062747926,,11.0,12515.719485,38.3,8.7,72.0,7.2,24.6
15.677877585,19.344056821,23.529411765,11.4,7555.0,0.0,19.2982,66.34558679,18.885479886,9.4076828425,47.451430959,14.4,26.923076923000004,9.263757872000001,8.3384934986,7.102569459,3.8,25.866889435999997,53.76,23.0,52.7,20902.658563,88.58366409,0.3155640708,713.11,14.4,100.0,8.8,8.304175414,10.047281324,25.883922615,12.334364052,75.91973244100001,2.61404408,6.217001056,0.9,15.1629,5.0,0.0,42.016806723,4.6,0.0,0.0,0.0,6.1503982532739165,6.876094351081831,0.0,18.66635195355545,0.0,0.0,9.951720458242328,0.0,0.0,58.355434983846465,2.0764119601,10.7,77.206218564,0.0,10.101010101,9.1,2.3458862855,35.0,8019,Clear Creek County,CO,8.6,81.034482759,42.0,81.811179577,238.2,70.920461628,0.0,82.672006039,0.0,3.1038075938,41.77982,1.0638297872,1.5,41.77982,0.8037825059,,2.7570039798000003,9574.0,1894.0,6.619695231900001,4.7402597403,0.0,13.254786451,562.54136334,41.479254,852.90485,29.942714999999996,-0.9214066,11.219999999999999,0.6481581505887436,0.8642108674516581,0.8750135032948041,0.2052500810197688,0.594144971373015,2.5170141514529543,94.29620827481907,95.61591344528344,2.580863293136481,68534.0,0.4399,39.2,24.009728978457265,317000.0,6.358626536699999,70.0,46.910000000000004,0.77,10305.71,16.586588677668686,14.933986342545305,30.0,15699.841314,27.4,6.2,51.9,7.5,20.2
18.235527359000002,14.484536082,55.555555556,7.4,6770.0,3.8860607002681378,10.8505,68.287199663,22.740072787,9.8372999042,47.807295796999995,6.9,21.426517112,9.9171701592,8.900261906399997,7.0103092784,4.0,25.752917892,99.72,10.0,23.0,17704.730272,89.758128469,1.6590217344999998,420.0,9.9,45.178442299,4.3,17.854778195,19.300106045,15.097225257,12.413289055,75.31671434399999,2.3817166335,8.3995835699,-0.7,8.9254,5.0,0.05187891034857965,25.830258303,3.9,0.03407583534031556,0.3247410790958246,0.0,5.274212039847435,9.762957593630242,0.0,3.430284107618474,1.9097019867234308,8.428269094550677,6.698550655122835,1.2244636778867926,1.327379160804183,61.585364769379765,9.6143824909,11.8,68.273897447,7.772121400536276e-05,9.0967741935,4.6,5.3101406437,48.0,8107,Routt County,CO,8.1,94.39655172399999,57.0,80.611680633,212.2,73.325863433,0.0,83.224997827,0.0,3.3523511711,91.19745999999999,0.901378579,-0.5,297.38302999999996,1.5906680806,113.59948,2.8905976852,25220.0,2861.0,9.2205438066,5.6214865709,3.886060700268138e-05,9.2004381161,159.39811273,45.802673999999996,1065.0889,52.503026,0.044111218,14.280000000000001,0.6445256373414343,1.0755778151812472,0.7923149554579416,0.012315776509708937,1.8761032883123279,0.8579990968430559,94.74116343035428,93.04239722210316,2.4392335062374073,67472.0,0.4684,37.3,42.896734546330876,460600.0,14.605647517000001,71.0,47.88,0.66,10813.36,13.38223632038065,18.94277152003794,88.0,10735.257336,19.0,1.4,50.7,4.1,14.2
16.086316822,12.911557952999999,26.315789474000002,7.9,9065.0,3.2250782081465483,10.008,72.43030432,22.837851495,10.286641474,46.20892594399999,49.1,33.25836379,9.7071139551,9.0245893363,13.983979075,5.1,26.294238836999998,0.0,46.0,14.8,15215.885019,82.54046101,3.359127682,297.66,8.4,19.518468243,5.4,19.81369863,24.938393296999998,21.237458194000002,14.879807317000001,71.998805495,1.862958924,11.146544609000001,-0.699999999999999,6.6453,8.0,0.04234527687296417,42.03539823,4.1,0.0,0.0,0.0,2.373457921379012,9.225173154099707,0.0,0.5030989372688021,0.3904647857281708,24.031952162468663,3.4654871448455573,0.0,3.280297242381229,56.73006865182884,0.6468305303999999,10.8,66.493918562,0.0002580062566517238,12.111959288,5.6,6.5519517864,47.0,8117,Summit County,CO,8.2,95.022624434,52.0,100.0,135.9,50.914791416999996,0.0,94.65908285299999,6.4501564162930975,3.0959485035000003,88.27857,2.2178413011,-0.30000000000000104,274.64443,3.2035485461,72.43037,2.9968563223,30585.0,1163.0,12.171761148,6.640159045700001,3.225078208146548e-05,17.386722866,175.97667052,49.78058,1278.6989,51.751369000000004,1.9990603999999998,15.770000000000001,0.26243186864948526,0.44411547002220575,0.9521566516385171,0.24224480183029407,6.0359329789381615,1.9783325482807348,90.0847856806406,85.33239535701723,3.7636299683432997,73538.0,0.4333,39.1,69.15372569489756,547700.0,8.2307236452,71.0,47.52,0.61,10364.46,9.78911230995586,20.865928907503605,58.0,7507.1739548,20.9,4.0,43.3,4.4,14.5
23.980424144,13.135157995999998,31.25,26.6,7536.0,5.994125756758376,16.067,75.783076204,16.960832995,20.356649898,49.761343725,9.1,62.708649468999994,13.095626139,13.556237249,45.713249955,10.4,32.336114854,97.5,21.4,11.4,23475.402602,48.655670352,4.4696770806,1514.98,17.0,36.866299773,9.8,14.188600314,18.887015177000002,29.768859538,17.137427492,59.28863869,3.4264884569,12.683598531,0.100000000000001,22.3945,14.000000000000002,0.1174848648324642,45.064377682,4.6,0.0,0.14283103897370644,0.0,6.425937208010975,16.83536735049984,0.0,1.5113114090054829,0.4825440167353679,15.231469056990008,7.211860030693054,0.0,4.368329730138783,47.79035015895277,16.456536165,13.0,56.918498925,0.0004795300605406701,10.844976713,9.7,2.6244486406,28.0,8003,Alamosa County,CO,8.1,77.215189873,40.0,82.41502104199999,406.8,97.4053646,0.0,76.542927339,0.0,4.0673163514,120.83861999999999,0.5059021922,1.0,1419.8537900000001,3.0354131535000004,72.05476,4.0512562882,16551.0,2816.0,15.475805582000001,6.0446450966,5.9941257567583765e-05,22.147147147,,25.294462,671.3439900000002,56.423432,-1.4329617,23.24,2.569593147751606,1.2480881003364943,2.4961762006729886,0.22025084123585195,4.380544509024166,2.9978586723768736,86.08748852860202,70.66815437122604,3.6164347597794695,36315.0,0.4846,36.1,11.912043104703656,152900.0,11.40867059,70.0,51.67,0.87,9869.73,15.817775361005376,22.18402280049567,76.0,12072.815056,30.7,5.1,60.5,6.4,19.9
20.063465062,25.23226904,59.090909091,21.2,5055.0,3.230704616676897,12.7523,75.358349311,15.86773278,15.299038707000001,49.856058623,12.8,57.073662967,11.634057189000002,11.751677009000002,15.247971735,6.9,28.179718115,93.27,27.1,28.2,16982.933397,81.245092908,1.6213954461000002,979.2,18.4,63.172008271,10.2,17.334824501,19.029850745999997,24.67807661,16.480203741,44.126879233000004,3.8935710803,10.292928385,0.39999999999999897,14.4404,12.0,0.05327431912900204,25.049180328000002,5.3,0.5409147078488298,5.128082368644817,0.14255665948644886,1.933227395868233,4.114983510072038,2.3952546697170902,3.3856921514712632,10.091928631255124,26.21238736626845,5.574307521902918,0.0,0.0,40.48066501746479,20.603015075,13.4,71.02896278600001,3.230704616676897e-05,8.6551884597,9.9,3.4535023461,38.0,8029,Delta County,CO,8.0,88.0,36.0,73.255363143,339.9,102.4170422,0.0,78.594742253,0.0,3.783719284100001,39.25674,0.6218905472999999,1.3,147.21277,3.3167495854,78.83845,3.8062188266,30568.0,2651.0,11.953048181,5.9915080988,3.230704616676897e-05,34.185197478,84.29694515199999,17.961693,776.73724,40.698391,-1.008397,21.4,0.9597246583049277,0.9630340536783929,1.1549789853393786,0.0,1.614984942251051,1.320448754012642,93.98682860641361,89.7555702779037,1.736462219742669,42487.0,0.4863,38.6,17.69220320565064,206200.0,14.453715262000001,72.0,51.15,0.77,9159.44,27.044621826746923,21.938114905735873,73.0,11369.934777,32.3,5.9,65.2,8.0,23.1
16.352320276,21.156878824,30.23255814,22.8,5343.0,2.082422273588638,17.889,81.872495958,17.793320323,14.528954333,42.198111819,12.6,52.216174183999996,11.203293737000001,11.410504906,13.330810152,5.8,29.326335596,100.0,30.5,22.8,17488.283073,79.103849955,1.4453961456,1267.94,18.0,26.420211856999998,8.8,12.676755148,14.840881272999999,36.12515371,17.008364437,40.578499848,4.2893131795,8.593511644500001,-1.2,21.11,12.0,0.0379209096020491,33.822181485,5.0,0.0,0.05463734765063192,0.0,9.08627459312081,2.5089211621282628,0.0,0.0,10.211384945334748,4.9804803460877265,7.312052246397628,0.0,6.184506594386377,59.66174276489381,23.158417481,14.2,74.907528934,2.082422273588638e-05,8.7485736021,8.5,11.373338517999999,36.0,8043,Fremont County,CO,7.1,78.512396694,43.0,67.016914403,377.1,107.39399105,0.0,77.952622402,0.0,3.8107302363,35.74507,0.76499388,-0.4,304.88446,1.2484700122,48.47616,3.6276189119,47559.0,2433.0,9.9855216722,4.5664443304,2.082422273588638e-05,33.03874915,225.26871339,17.126945,701.58588,44.874114,-3.0385097000000005,18.44,1.2338791013068386,0.7274522005965537,4.602905517048991,0.057938670843973306,1.2124203343275897,1.8926632475697944,90.27274092830626,92.4362062812277,2.170324768022841,44712.0,0.4401,37.3,14.610290371879774,160000.0,10.116764322,71.0,51.51,0.88,9068.27,24.03540865030804,18.8294653784219,7.0,12402.045813,31.8,6.3,57.99999999999999,8.9,24.7
22.724733443,18.044751464,42.424242424,23.6,4639.0,1.7907347384631909,22.0498,81.50916067,15.80543309,22.0507732,50.72233068,29.1,64.11723567899999,12.514870887,14.230770539000002,43.000450518,7.9,33.135582641999996,95.12,66.7,22.2,20785.261721000006,52.163988587,1.2383276395,2214.9,19.8,14.153511502,10.3,16.299717064,18.166640165,40.478042761,17.137062180999994,62.279176432,4.3268972915,7.838633373099999,-0.699999999999999,26.0784,13.0,0.13604808719684353,33.597689333000005,6.0,1.3395768734006523,0.33436869398933766,0.0,3.103361553596424,8.068542033705238,0.0,4.050259377841384,3.2140945523610265,6.524529559118833,5.130120048061147,3.5115199789084324,1.4170921898241469,63.30653513919336,16.175467322,10.4,63.169997951999996,7.759850533340496e-05,9.5106399324,9.6,16.040452446,40.0,8101,Pueblo County,CO,7.4,81.038506418,51.0,68.104461754,430.3,102.50270307,0.0,76.95232360899999,1.1938231589754609,4.1921171075,68.47875,1.3436158372,0.4,471.54227000000003,1.955795834,62.98335,4.6173534895,166475.0,3489.0,9.5265704557,3.6405446606,1.193823158975461e-05,34.247861185,629.90730185,20.627518000000002,766.18976,39.578474,0.35128647,19.68,3.557000146907595,0.8832819156750404,2.215856226433573,0.08630821213456737,11.389011311884826,4.1476911022966565,77.72085108466774,85.84154872295429,1.5825605986660158,42386.0,0.4535,37.6,10.095159874253024,148000.0,8.4179672123,70.0,52.2,0.98,9892.61,20.63973569605045,21.691778228660407,16.0,13793.300652000002,33.4,4.0,63.2,8.4,28.0
21.991671453000002,22.616312464,48.275862069,18.3,5830.0,2.3688823613019374,13.0648,80.793907777,15.698912214000002,14.910726558,50.710798392,8.1,49.000152648000004,11.282133052,10.986637836,20.646659008,8.1,26.132140253000003,78.83,18.4,14.8,19777.469764,76.11765269,3.5379435379000004,986.43,15.0,44.989824595,7.8,16.092447277999998,19.976147883,31.034482759,13.967242743,52.763993076000006,3.3022700119,12.453151082,0.2,15.8294,12.0,0.07281944378642156,35.757171448,5.0,0.0,0.028211566382436347,0.0,6.055383712451092,9.862075245080018,0.0,0.248150929304596,0.0,15.655317746507071,5.730200603288083,0.0,0.0,62.42066019698669,23.361522199,12.5,69.187658545,4.737764722603875e-05,7.3931211829,8.1,10.191973725,37.0,8085,Montrose County,CO,7.5,80.93306288,42.0,84.506735149,309.6,116.13950347,0.0,79.73995426399999,0.0,3.637196711,86.15738,1.1627906977,1.2,236.9328,3.160405486,62.69441,3.5534275424,41784.0,3597.0,14.747448312000001,6.6588285592,2.3688823613019376e-05,31.738885763000003,134.4240888,22.139049,748.11871,49.825030999999996,-0.39032376,19.81,0.7944656301945829,0.8189107265082626,0.42290016622665494,0.37156546396792794,2.3565072846387007,1.642710472279261,93.5929402561846,83.71665371665372,1.85962185962186,44865.0,0.4186,38.7,9.430433853387477,202500.0,9.8864266596,72.0,51.739999999999995,0.74,9100.84,23.834482098410874,20.009861852223338,28.0,11309.415678,25.6,-0.19999999999999896,58.3,8.5,20.7
25.971906924000002,15.429909194,17.142857143,15.0,4321.0,7.003291547027103,16.6105,72.202138297,16.50826978,15.985977575,49.517593643999994,9.0,62.30123280300001,11.038590197000001,10.913958473,36.311719636999996,4.6,27.668792515,0.0,22.0,14.7,23091.366171,58.654937571000005,8.456967605900001,1865.9,20.6,32.547320572,12.8,9.4790442617,14.587332054,30.742145179,16.255003016,50.235086688,2.4433698142,11.960835059,3.2,24.0022,22.0,0.05924784648784929,10.345781466,6.3,0.0,0.0,0.012300122148874994,0.0,0.0,0.0,0.4157787768633802,0.0,0.0,0.0,0.0,11.140244883998067,88.43167621698967,13.309024613,8.1,64.241909614,0.0002451152041459486,6.5059445178,12.0,4.4384452536,36.0,8087,Morgan County,CO,8.9,84.146341463,39.0,73.42235164600001,409.9,89.71587617799999,0.0,77.751237167,0.0,3.532365579,78.03631999999998,1.6794625719999998,3.3,212.82633,4.6065259117,56.58909,3.520471272,28192.0,3335.0,14.610267353,6.3065425462,7.003291547027102e-05,38.888888889,202.82873649,14.865148,698.2857700000003,64.16040100000001,0.031675663,25.61,0.39113892543469764,0.5404828787824911,3.0828858941080255,0.10667425239128117,3.9611705721295736,4.441204707890338,87.4764427692636,73.2259919493962,3.5384320490703467,51456.0,0.3996,40.8,9.029267874002231,162900.0,12.025182145999999,73.0,54.81,0.89,10964.81,16.34151532349603,16.284649486940307,81.0,14661.318902,40.2,5.3,69.9,8.6,31.2
15.531974309,19.402401564,18.518518519,12.7,7733.0,0.0,14.34,71.76246924600001,20.447310277,9.859931203099999,47.277296844,6.4,36.820083681999996,9.4108192327,8.49874495,6.098855068400002,2.2,27.20678369,100.0,7.4,66.4,18662.411254,89.030996928,0.0369208049,702.42,14.8,100.0,5.0,11.486856517,14.617486339000001,21.784682081,14.621966909000001,69.991351975,2.4032305722,10.253669659,-1.8,14.0684,6.0,0.0,,4.5,0.0,0.0,0.0,7.942434346421262,8.993186988630725,0.0,26.930587852926095,0.0,21.171893529802723,10.003832598264303,0.0,0.0,24.95806468395488,,9.6,81.282988226,5.3890924768269015e-05,11.00795756,5.4,13.563437002999999,37.0,8093,Park County,CO,7.8,87.5,42.0,72.127607059,249.7,114.22180447,0.0,81.81778579600001,0.0,3.1674898743,11.170060000000001,1.5027322404,-1.1,72.60542000000002,1.2704918033,17.47641,2.814754063,17905.0,2738.0,10.995647925999998,7.4074074074,0.0,7.4189769621,112.33150275,32.756215,840.12921,19.860725000000002,-0.47558480999999997,13.34,1.071005917159763,1.1005917159763314,0.19526627218934914,0.7396449704142011,0.5443786982248521,1.3727810650887577,94.97633136094674,96.64636022398622,1.5445203372100178,61644.0,0.4056,40.7,48.47639634614044,262300.0,6.4080158453,69.0,47.52,0.73,8713.08,17.363864842222846,16.354471676075526,32.0,12229.017604,28.9,5.4,55.7,6.0,20.6
21.249622698,21.928765469000002,21.428571429,40.7,7697.0,0.0,12.1859,71.840715156,13.543232527,21.35947608,49.758527015,1.2,89.18918918899998,13.524692547999999,14.780787876,36.100211289,4.7,29.572306712,0.0,1.9,28.1,19010.585983,58.859040145,4.5121545122,897.07,17.8,100.0,19.9,14.320486815,18.461538462,23.02209551,18.113796308,50.126156433999995,4.4359576968,17.461600647,13.0,14.0704,23.0,0.0,27.080394921999996,4.1,0.0,0.0,0.0221650393759708,10.465444991758373,8.377555911644302,0.0,0.0,0.0,0.0,8.837201199199557,0.0,0.0,72.2976328580218,16.151202749,11.0,70.639756283,0.00043840420868040335,13.577586207000001,17.9,9.559264546,24.0,8109,Saguache County,CO,7.9,80.24691358,28.0,48.34643091,314.0,123.14493211,0.0,80.453515443,14.613473622680113,4.1857641976,15.092060000000002,2.0769230769,11.3,60.36825,4.6153846154,31.30380000000001,4.5304918151,6626.0,2062.0,19.955592562,10.711768851,0.0,37.974683544,175.50857599,19.323213,738.0,53.406411,-1.0457819,19.6,1.3568949195329758,1.104449353108236,0.0,0.0,3.960239823288104,3.155569580309245,90.42284632376145,66.76656676656677,3.9294039294039296,34765.0,0.4997,37.3,34.67661691542289,150100.0,12.521521365,70.0,49.46,0.69,10260.81,16.94838514941141,25.473896159930963,83.0,12541.117826,37.1,10.3,57.4,8.1,23.4
21.793214436,18.422857746,40.0,17.9,4855.0,3.2635584535954623,14.5135,77.891392686,19.587284215,14.76979048,50.538201773000004,18.8,49.694137638,11.543703136,10.970782535,14.561787674000001,7.3,26.870960206,70.14,44.1,14.7,17455.318601,81.410932883,0.9224064018,1153.27,15.4,12.676267525,8.6,15.620759837,16.929831968,34.43785892,17.197619228,61.840015078,3.9795876931,9.3341927275,-0.4,17.4076,9.0,0.11201185324430346,36.424216645,6.4,0.016471636348709354,0.7637133006301783,0.0,4.556357138255352,15.668510124185845,0.043007808367999216,2.895653873381705,0.755763680579628,8.828425123697139,6.4295047786795765,0.0,2.231333542203543,57.811258993670286,17.028924222,13.8,66.96278194199999,3.263558453595462e-05,7.8464509899,8.3,9.5351035998,38.0,8077,Mesa County,CO,7.4,75.99538372800001,47.0,77.599285729,352.2,96.646072966,0.0,78.68724408199999,1.305423381438185,3.9229969387,72.55171,1.317233809,0.4,292.18552,1.8323060035,108.60657,3.7094193928,151616.0,3159.0,11.138028428,4.6411764706,2.61084676287637e-05,30.406104883,347.93466523,24.532089999999997,786.33893,41.696817,0.24673652000000001,17.04,0.763451121654861,0.7170795306388527,0.7365690399064505,0.14986760574738908,1.254721165607065,2.349493944811086,94.02881759163432,93.59316947699344,1.2046298942555016,51971.0,0.4473,38.4,7.186096764800539,207900.0,8.8617631577,71.0,52.87,0.79,8682.96,19.596876319121993,18.15640868946143,11.0,11134.611235,26.2,0.30000000000000104,59.4,7.2,22.7
25.758077879000002,17.249378625,25.0,25.0,3617.0,8.220979940808945,23.8532,76.96461825,17.485413322,18.185931949,50.033140017,3.6,63.080168776,11.905776115999998,11.866350172999999,38.053024027,6.6,28.06926328,98.33,7.7,10.9,21021.898771,58.831814416,4.6942940811,2319.21,19.2,37.885427456,15.9,12.183173589,13.285272915,34.973753281,16.54185447,60.209992758999995,2.6222651223,12.937977199,7.4,28.2785,19.0,0.08319631700098652,37.119801366,6.4,0.0,0.5900243643543446,0.0,4.004417692454959,18.77059313483748,0.0,0.0,0.3363344204711908,29.127043053993983,5.2093222704201505,0.045691566951253565,0.062331681543772416,41.854241814972845,8.3273510409,10.3,65.13331976399999,0.0005754685958566263,7.251264755499999,14.9,12.634270059,27.0,8099,Prowers County,CO,7.7,82.857142857,29.0,59.15863277800001,402.1,81.299464087,0.0,76.932773238,8.220979940808945,3.7545572715,66.28003000000001,0.3913491246,6.8,198.8401,1.7507723996,33.55142,3.712122601,12070.0,6075.0,15.800572375,6.6343042071000005,8.220979940808945e-05,45.173267327,56.942975677,18.293081,535.05103,68.626875,-2.7762583,23.26,0.25653757034094676,0.6454816285998014,0.4882489241972857,0.0,1.3819927176431646,2.0771267792121817,95.15061238000662,77.4869109947644,1.579554530126897,41740.0,0.4332,42.1,17.677613941018766,94400.0,17.614494212,71.0,52.67000000000001,0.94,11219.43,18.88152444076222,15.382396645903208,68.0,14339.119546000002,40.6,8.5,72.9,9.6,29.4
18.513853904,28.463476071,100.0,16.8,9001.0,0.0,,67.430025445,17.036294575,12.191055908,48.740554156,1.2,38.738738739,10.852898089000002,10.06613622,4.4080604534,5.7,25.34834204,0.0,0.8,11.3,15606.282632,90.428211587,0.0,255.29,16.4,100.0,11.0,10.764872521,17.721518987,30.281690141,13.902441629,69.911504425,2.2357723577,11.794871795,2.9,,6.0,0.0,11.111111111,3.8,0.0,0.0,0.0,7.96476862529681,11.733563730339702,0.0,1.2242389666216977,3.0718835041423826,0.0,20.191758381923105,0.0,0.0,55.813786791676314,21.551724138,12.3,69.836956522,0.0,,10.3,3.285375334,27.0,8053,Hinsdale County,CO,8.2,75.0,13.0,41.637010675999996,,,0.0,,0.0,3.5478039682,0.0,1.0126582278,2.6,251.88917,3.0379746835000003,0.0,3.2940552567,794.0,,12.820512821,9.4674556213,0.0,,254.61489497,42.032331,804.0,93.665159,-3.7839267000000003,27.200000000000003,2.317073170731708,0.0,0.0,0.0,1.3414634146341464,1.5853658536585367,94.7560975609756,94.5638432364096,2.781289506953224,53056.0,0.429,36.9,74.4266851980542,325400.0,38.07106599,73.0,50.0,0.65,11049.19,26.574307304785886,18.18455971049457,52.0,5508.1770588,35.8,7.7,55.8,7.4,19.5
24.340705230999998,12.411903345,41.522491349,13.4,6145.0,0.9805899228976152,22.0852,77.548545913,18.268438107,12.436873950999999,49.503741248000004,118.9,38.574232615999996,10.286676097,9.9808116688,17.05914489,4.8,28.964562828000002,63.84,292.6,26.2,17686.353516,69.33678664600001,1.5462309526,1254.62,15.2,8.9343251969,7.0,14.062620922,15.975294045999998,27.29399032,13.677585121,75.169739662,3.2651386903,7.053128412,-1.2,20.1806,8.0,0.0867191702528241,24.515498895,6.1,0.005357468152524821,0.39584696280900494,0.04276216336543677,7.195417760237141,5.772943859643352,0.3912712711250889,1.1890116965410642,0.5102337869581478,1.9450817256936568,6.450959761495477,0.0,0.5748829574702512,75.52623058650894,9.8187892286,12.4,63.252917976000006,3.362022592791823e-05,9.591289011599999,7.2,8.3768960629,36.0,8041,El Paso County,CO,7.7,76.312718786,45.0,88.387225337,326.4,84.394551182,0.0,79.054457441,0.9805899228976152,3.4837740793000003,102.25505,0.7175326661,-0.0999999999999996,294.46593,2.5154412214,60.440169999999995,3.4295209216000004,699232.0,2979.0,8.6531507527,3.2224906203,5.603370987986373e-06,23.568190109,399.61498249,33.977646,952.20154,29.151370999999997,0.5305869000000001,14.549999999999999,0.665060326661984,2.746041201732002,6.143361399827511,0.4146253997326719,4.764191065548749,5.722808546203021,79.54391206029406,88.29575586262656,4.444996196096781,62535.0,0.434,39.4,5.864947890164151,238200.0,8.4848696178,71.0,53.75,0.87,10185.11,13.53742391652556,18.272037227152797,16.0,13504.480849,23.7,0.5999999999999979,59.699999999999996,7.0,22.6
23.390036451999997,19.967598218,23.076923076999996,19.8,4663.0,0.0,16.1483,74.74701012,17.968056453,12.409617632,47.87363305,1.0,49.312169311999995,10.729014516,10.101034926,10.692588092000001,3.5,27.607583323000004,0.0,1.9,37.0,18476.2912,86.16848926700001,0.8535784636,1191.3,21.1,100.0,19.7,9.2397043295,9.9236641221,25.70905764,13.717998455999998,73.238180196,1.9318925999,9.874863982599999,11.6,21.2919,10.0,0.0,19.375,5.7,0.0,0.0,0.0,0.3634211889251512,0.0,0.0,0.0,0.0,60.98126789899829,0.0,0.0,0.0,38.65531091207654,8.3135391924,11.6,71.22266401600001,0.0,7.1875,17.8,16.336281464000002,40.0,8121,Washington County,CO,7.2,92.424242424,18.0,43.726630661,364.2,94.67747910899999,0.0,79.086120382,20.37074760643716,3.4622100234,40.50223,0.7633587786,10.2,40.50223,1.475826972,20.3749,3.2760821132,4938.0,2142.0,11.24807396,6.6079295154,0.0,22.571148184000002,133.95157135,18.287684000000002,599.89032,48.10563,-1.0936068,23.9,0.27032647119983366,0.4574755666458723,1.0813058847993346,0.0,1.2476606363069247,1.268454980245373,95.67477646080266,94.48456992777412,1.7509301816590062,51458.0,0.4123,42.0,16.06174384647476,120300.0,16.2999185,74.0,51.78,0.81,9331.92,19.582827055488053,13.989435733996656,64.0,11918.054778,41.6,10.7,68.4,7.8,24.3
17.133346387,16.885320802,64.285714286,11.9,8680.0,6.44122383252818,13.4459,64.61395994899999,21.256046162,10.408981857,46.583121206,8.7,36.664695445999996,9.8817428759,9.0169189464,8.4589778735,6.8,24.484334006999998,0.0,8.0,28.5,20659.477791,87.846746296,0.9780467211,590.66,12.9,82.59785757600001,6.9,12.405745063,14.380952380999998,27.924379676999997,14.413477925,61.957077158999994,2.2400500104,9.6182723465,0.0,10.4191,7.000000000000001,0.00966183574879227,50.385604113,4.1,0.0,0.0,0.0,9.75506502221828,3.978053164011122,0.0,14.473735821158076,0.0,7.678718100109512,17.765297789076797,0.0,4.759916105694853,41.58921399773137,11.384152457,11.5,68.955276031,0.0,10.701107011,7.3,0.3001204834,37.0,8049,Grand County,CO,8.6,90.4,41.0,78.488176245,223.9,84.034752436,0.0,83.113746828,0.0,3.2842846115,26.10796,0.6666666667,0.6,182.75569,3.1428571429,66.63113,2.9476127648,15321.0,3144.0,10.4,6.8655643422,6.44122383252818e-05,16.420361248,80.809635587,30.179122000000003,933.7575099999999,48.045617,0.15596010000000002,17.18,0.027039816129250317,1.8860271750152098,0.3785574258095045,0.723315081457446,3.2177381193807886,0.2906780233894409,93.47664435881836,90.24767801857584,3.5040810582606245,66489.0,0.402,38.6,65.34059945504087,285000.0,17.324093817,71.0,47.59000000000001,0.69,10661.16,14.594347627439467,16.852547218336866,58.0,14637.607931,23.3,-0.0999999999999979,44.2,5.6,16.3
23.822179233000004,12.651076429000002,36.87150838,9.0,5283.0,1.2284729313667528,22.0334,77.37334456100001,19.853874424,11.97505455,50.499804059,298.6,41.427098443,9.7368031682,8.1965917815,19.276357122,4.1,28.252614258,63.29,716.7,40.3,22705.040275,60.457630176,4.0908819541,1372.39,15.3,1.5753413881,7.4,14.337010712,17.105836237000002,29.005929312,13.447362068,72.05158074399999,2.7801728431,8.5282184496,0.0,19.9397,8.0,0.07306803436653025,22.80009508,8.1,0.35857361411998745,0.3434262017694939,0.06660376584516127,12.85632529076654,5.3523420324367725,1.6003726202565107,0.0,4.871028394088275,1.7850878103503998,5.489189827704677,0.837131579782805,0.0959628367069126,66.43568926006881,5.8134723601,11.9,62.64478477300001,1.0749138149459088e-05,9.5199030484,7.5,2.4007253085,46.0,8005,Arapahoe County,CO,8.4,80.931603774,51.0,98.810146101,251.6,65.729348728,0.0,81.165232042,1.5355911642084412,3.237230589,104.96818,0.4943379791,0.7,332.32149,3.0095818815,84.13544999999998,2.7173219317000004,643052.0,2928.0,10.014739621,4.793760482200001,4.606773492625323e-06,19.800550311,329.9652518000001,37.447494,1129.9449,20.093599,0.9583543999999999,13.52,0.5702093161318328,5.725393066203647,10.463572354184087,0.21225255820188568,6.658027615174941,4.445334593017688,71.92521049708591,77.41204765844213,10.348568455706136,69553.0,0.4595,39.4,4.36891033327778,292900.0,7.9897279411,71.0,54.94,0.94,10875.94,12.288897320900952,19.494973329691028,43.0,16089.729734,23.4,0.8999999999999989,58.8,6.9,21.9
23.949579831999998,19.98253847,27.777777778,28.0,4178.0,5.425347222222222,25.5175,79.361942405,15.031359595,22.89830646,50.840336134,7.1,68.717793271,12.630222466,13.572961869,41.869475063,10.8,28.917191531,0.0,14.9,14.0,17937.042643,54.070719196999995,2.4844720497,2130.27,20.7,34.406032606,14.2,17.948363938,17.505030181,39.392523364,17.852568409,64.42120622600001,4.1427203064999985,10.537102473,5.2,27.0164,16.0,0.0774197048611111,35.811106253,5.7,0.0,0.0,0.0,1.4960139880040733,9.761712916292185,0.0,29.815741397763272,0.04723359942819102,1.2828469385842045,5.525046051616943,0.0,0.6497613265509693,51.42164378176016,21.250662427,11.1,64.259012016,0.00016276041666666666,9.0439276486,13.1,14.910278686,34.0,8089,Otero County,CO,7.4,90.610328638,38.0,59.380808242,454.4,92.235906896,0.0,76.418959517,5.425347222222222,4.0524606185000005,43.65383,0.6706908115,4.9,381.97097,2.7364185111,60.125719999999994,4.3007858667,18326.0,5016.0,12.757898934000002,5.2522460263,5.4253472222222226e-05,42.678613535,157.71125007,15.354581,737.2430400000003,57.08185999999999,-1.8536527,26.21,1.5061391541609825,0.9931787175989084,0.7639836289222374,0.8512960436562073,3.661664392905866,2.019099590723056,90.20463847203274,85.98711325245254,1.828524989841528,35051.0,0.4709,38.4,16.545961002785514,91800.0,15.304728068,71.0,53.06000000000001,1.01,8437.16,23.27840226999891,25.24012575960744,62.0,13220.636991,41.2,8.0,60.8,7.8,29.0
24.324324324000006,22.204100651999997,0.0,15.6,3746.0,46.663555762949144,16.8553,71.483808603,16.560973512,12.266580216,50.55917987,3.0,39.010989011,10.546538803999999,10.020487932,21.295433364,4.1,24.756700711999997,0.0,6.5,21.8,32931.875510000005,76.304753029,3.4832015810000003,1417.04,18.9,100.0,16.5,11.932877564000002,18.713450292,12.34911792,13.461230048,57.003891051000004,1.6557566423,12.579569567,7.3,22.1384,13.0,0.06812879141390574,,5.9,0.0,0.0,0.0,0.0,0.0,0.0,0.0,0.0,54.59097647327733,0.0,0.0,0.0,45.40902352672267,,10.3,67.924528302,0.0,5.6994818653,15.8,1.6937663105,37.0,8095,Phillips County,CO,8.7,92.75362318799999,37.0,81.877532643,383.8,97.006651885,0.0,79.668009065,0.0,3.4436110939,23.29916,2.3391812865,7.6,93.19664,5.4970760234,139.92537000000002,3.2384580694,4292.0,3230.0,14.329268293,8.3729781161,0.00046663555762949143,29.136316336999997,161.27174289,15.496315,601.0,60.069418,-1.2410564,24.6,1.0399815114397968,0.3697712040674833,0.3004391033048301,0.0,2.3110700254217704,2.1261844233880285,93.85255373237807,80.70652173913044,0.24703557312252966,50076.0,0.4565,40.6,12.124352331606216,132600.0,27.985074627,75.0,55.279999999999994,0.88,15205.95,20.619757688723208,14.40210879463216,44.0,20894.984715,40.6,12.7,63.6,8.5,23.5
18.370259106,25.189635749,23.076923076999996,21.0,7238.0,7.264802034144568,11.4683,71.013960323,16.378745455,12.586152927,49.823507323,6.5,46.045918367,10.567922815,10.023305133,18.047315058,3.4,24.601612961,91.23,9.0,13.2,18494.210064,76.92827638,0.8937520882,581.66,12.6,59.376034426000004,5.1,14.883891022,17.71321462,26.584587323,13.903361755,62.285714286,3.0031851964,13.68179925,-1.9,11.1111,9.0,0.030948056665455862,50.60790273600001,4.4,0.0,2.8963086546196877,0.0,0.0,0.0,0.0,0.0,4.64532952751718,43.40690290225108,0.0,0.0,0.0,49.05145891561206,8.8235294118,10.1,73.401764812,0.0,7.960199005,5.4,10.672981092,36.0,8007,Archuleta County,CO,7.9,84.210526316,30.0,89.40748096700001,241.1,90.535110151,0.0,82.696267974,0.0,3.3758905625,45.06196,1.4995313964,-1.1,120.16523,3.0927835052,85.57647,3.297084279,13315.0,3628.0,15.150278797999999,9.0601185436,7.264802034144569e-05,21.852731590999998,190.26029227,38.99489,676.81415,49.595705,-0.5608656,17.05,2.4777636594663286,0.7306226175349428,1.3977128335451081,0.0,10.228716645489197,1.087992376111817,84.0771918678526,86.46842632809891,3.299365185432676,48016.0,0.4401,38.1,39.11851770639184,274000.0,13.225455110999999,71.0,49.980000000000004,0.69,9158.84,24.874202027788208,16.91471551149617,35.0,10173.332548,30.4,10.0,52.300000000000004,6.6,19.4
19.871108014,11.587505907,37.552742615999996,17.4,5283.0,1.5352578954126492,20.9521,69.887866747,25.660681818,14.335835413,49.897178767,1868.0,67.279231865,10.697263967,10.012007117000001,29.919772473000002,7.2,27.691240525999998,48.49,3922.6,36.3,23181.392872,54.384271828,6.2342760732,1647.57,11.6,0.0,6.3,16.240222865,19.367646259,35.688038013,15.928435817,73.453076026,2.7547675279000003,10.287222935,-2.3,18.2267,16.0,0.11234877709730186,30.73242158,8.2,1.4761791373733797,1.2191509611356177,2.45182368365235,28.650691632316384,2.18590561374692,0.7639841451824851,1.2022928085037705,3.2992002298005563,2.057920393987171,1.1181597559190264,1.202932369445263,0.28759690301900837,54.084162365917955,7.233938205,12.5,50.084591766,4.884911485403884e-05,9.1558981118,6.3,4.5293046808,42.0,8031,Denver County,CO,8.1,66.554233978,46.0,99.47597132799999,325.1,73.963123931,2.7913779916593626e-06,79.53117897,1.1165511966637451,3.6067893531,73.37278,0.9717362534,-1.4,532.4848400000002,3.3466886637,131.30176,3.1684113592000003,704621.0,2876.0,12.262857315,3.8263857238,8.374133974978087e-06,34.449964892,631.46154365,38.198136999999996,1119.9182,22.485624,1.9932155,18.63,0.9634956453298392,3.6012068383576503,9.501714895492336,0.14635936604138447,5.485307317820911,3.440255753043258,76.86166018391461,73.28243914042795,6.58368791756527,60098.0,0.5001,39.7,6.342064594377825,322900.0,10.561856116,71.0,53.47,0.99,10106.33,11.352911707144694,22.361839661885586,61.0,17260.051334,18.4,-0.30000000000000104,56.49999999999999,5.1,16.0
22.020348836999997,23.764534884,33.333333333,19.1,4215.0,72.3065798987708,,78.571428571,16.482821917,13.379893982,51.744186047,0.5,41.568627451,11.51246286,10.632877105,8.938953488400001,3.3,26.761756211999998,0.0,0.8,16.7,31976.358143,89.026162791,0.2459016393,1557.8,22.8,100.0,16.9,10.318949343,10.256410256,40.476190476,14.499142903,64.444444444,1.804670913,10.582524272,7.3,,9.0,0.02386117136659436,,5.8,0.0,0.0,0.0,3.8778495899193612,25.10300561627879,0.0,52.757700351070916,0.5651885666874468,0.0,3.3646886493260886,0.0,0.0,14.3315672267174,,11.9,76.041666667,0.0,12.280701754,16.2,42.529023484,27.0,8061,Kiowa County,CO,4.7,95.23809523799999,35.0,58.512160228999996,533.4,,0.0,,0.0,3.7368974281,0.0,0.6837606838,7.4,,2.3931623932,0.0,3.438052405,1376.0,1987.0,11.275167785,8.4967320261,0.0007230657989877079,,,20.051858,393.0,59.504133,-1.740857,23.61,0.0,0.0,0.5847953216374269,0.0,0.0,7.017543859649122,92.39766081871345,98.68852459016394,0.40983606557377045,39250.0,0.4279,38.9,28.000000000000004,83200.0,21.849963583,74.0,54.33,0.85,15676.32,,12.01528662420382,24.0,24662.314286,42.3,10.9,76.2,7.5,22.2
16.031221855,31.492044431,33.333333333,37.8,6221.0,14.515894904920886,15.6701,75.431034483,15.025878636,17.61173892,48.934253978,3.2,71.22762148300001,11.714224328,11.773498322,34.494145902,5.3,27.909651861,0.0,4.2,23.1,19682.074981,61.25788051600001,0.4042288557,1412.37,18.3,56.146624943999996,9.0,13.125209802,17.024793388,44.990176817,14.562579928,61.120543293999994,5.7364341085,8.714062848200001,0.30000000000000104,21.7869,15.0,0.02859631296269415,29.904761905,4.4,0.0,0.0,0.0,0.0,0.0,0.0,11.184492865659667,0.0,0.0,0.0,0.0,0.0,88.81550713434034,9.638554216900001,10.6,71.91931925600001,0.0001451589490492089,10.385756677,8.9,12.664016859,38.0,8055,Huerfano County,CO,7.7,86.27450980399998,25.0,75.368797497,514.1,158.47860539,0.0,74.54771827399999,29.031789809841772,3.7925482495,30.02101,0.9917355372,0.9,150.10506999999996,0.9256198347,89.86072,3.7372066146,6662.0,2593.0,10.03440367,4.3684710351,0.0001451589490492089,33.492822966999995,409.06487769,25.875071,556.27045,53.025126,-3.4964918999999997,27.82,1.9082794706063408,0.09233610341643582,0.6309633733456448,0.0,1.138811942136042,1.3696522006771314,94.85995690981841,89.70771144278606,1.3215174129353235,35801.0,0.46,37.8,39.0978886756238,137400.0,16.47446458,71.0,50.690000000000005,0.85,8305.27,32.993095166616634,18.64541604983101,12.0,12627.62133,35.3,10.6,69.4,9.2,21.7
21.392476137,25.238629983000003,8.3333333333,32.1,4405.0,27.894002789400282,20.8284,71.286513362,16.192526522,15.789310620999998,49.831555306000006,0.9,62.767710048999994,11.945860132,11.527425588,11.061201572,3.8,26.431645242,0.0,1.5,21.6,26374.46625,84.952274003,3.007962253,1279.13,20.7,100.0,22.4,11.095983662,12.420382166,22.39010989,15.783490633,73.10344827600001,1.6370439663,14.36825886,13.4,23.1953,12.0,0.05578800557880057,30.64516129,5.6,0.0,0.0,0.0,8.885896969717844,6.897508313002719,0.0,0.0,0.0,22.328186848102,10.441339481084565,0.0,24.375867485636192,27.071200902456688,27.130434783000002,12.8,71.615720524,0.0,4.7781569966,19.6,8.3983311563,35.0,8009,Baca County,CO,7.7,88.235294118,25.0,85.87645195399999,323.8,132.80212483,0.0,80.167352362,27.894002789400282,3.8277322905,56.14823000000001,2.1656050955,11.4,28.07412,1.847133758,84.08072,3.7451647717,3562.0,5330.0,15.563790365,11.378848728,0.00027894002789400284,43.541364296000005,96.471885336,18.97468,531.0,71.19436300000001,-2.4620037999999997,24.94,1.0890812622172577,0.0,1.5358838313320304,0.0,0.6702038536721586,1.3962580284836636,95.30857302429489,91.47744028310231,1.592450604541433,35898.0,0.4441,41.7,28.97651750110766,79800.0,16.816143498,74.0,53.400000000000006,0.94,12574.02,26.754632229084784,17.750292495403645,48.0,19564.970925,40.2,13.4,64.2,8.7,22.3
15.026988492000001,24.605356961,21.428571429,14.6,7060.0,4.9932591002147095,12.8205,71.751690227,20.487112413,11.551772265999999,47.056726753999996,9.9,33.67965368,10.401230712,9.4513531698,10.087585294,3.5,24.911217832,0.0,17.6,21.6,17664.396569999994,85.227619921,0.6559726586,778.57,15.6,37.413667247,7.5,11.85620915,13.08833011,18.598949212,13.338342979,60.529266652,2.3288259283,8.901357191599999,-0.4,13.8131,8.0,0.05347780496329955,9.3085106383,4.2,0.0,0.0,0.0,4.635959218795229,2.1618422053458097,0.0,1.0278033022797577,7.578546572973617,5.887112327475294,8.891689073955044,0.0,2.0941832493818544,67.72286404979339,8.3998320034,10.7,77.101265823,0.0,8.3245521602,7.6,2.5231528080000003,38.0,8015,Chaffee County,CO,8.6,81.43712574899999,44.0,97.125049132,270.9,92.330223821,0.0,81.219076457,4.9932591002147095,3.6381078529,61.10602,0.1934235977,0.39999999999999897,183.31806,0.9026434558,89.20139,3.1038725406,19638.0,2382.0,9.7335667056,6.0536649214999985,4.99325910021471e-05,17.316017316,61.134442613000004,32.752493,801.32507,64.664179,0.25569911,16.66,0.419810819428207,0.7811669677967903,1.5942183016261027,0.0,0.898076309916038,2.64108831969391,93.66563928153896,92.88352351028057,2.5246678793892285,53762.0,0.4259,38.4,25.68203198494826,313200.0,19.939133172000002,72.0,51.43,0.74,10779.14,24.824320195539258,17.88605490867155,66.0,12618.631261,19.4,-2.5,54.7,6.7,17.0
15.998669549,15.582903709000002,12.5,9.7,7555.0,0.0,,74.85884101,19.82604672,10.115531828,47.280891401999995,23.8,27.356321839,9.6723796382,8.728550296,7.0846499252,4.0,26.448284848000004,0.0,36.3,63.2,20055.811912,87.660069849,0.3061408248,839.0,14.9,100.0,8.7,15.732087227000001,23.300970874,11.402623613,14.354669383,81.298200514,2.0311630495,4.6442096871,-0.30000000000000104,,6.0,0.0,20.930232558,4.6,0.0,0.0,0.0,0.0,0.0,0.0,1.61987005003391,20.964094771346314,50.364545078354794,19.621533661003987,0.0,5.128249772908186,2.301706666352816,4.0415704388,9.4,79.638878217,0.0,12.28668942,8.8,0.0,25.0,8047,Gilpin County,CO,9.0,86.956521739,43.0,81.694541445,221.8,68.436901177,0.0,84.527885179,0.0,3.2224496578,,5.0485436893,0.600000000000001,66.52253,1.1650485437,33.72113,2.9315052676,6013.0,1195.0,4.8852701702,3.9761431412,0.0,,286.16265116,33.688646999999996,1046.0,24.444444,-0.060455338,17.2,1.2601415501467288,0.2761954082513378,0.5869152425340929,0.0,2.0887277749007414,2.9863628517175904,92.80165717244951,95.2638213578246,0.990455609580407,72544.0,0.4523,41.7,27.18881118881119,301700.0,5.0581689428,68.0,48.17,0.78,10398.52,13.371029436221521,17.302602558447287,41.0,11646.615156,35.3,11.4,48.7,6.4,21.3
25.370215144,19.13942442,17.647058824000002,19.3,4334.0,13.960631020522133,13.9324,74.544419134,17.828550723,14.23470917,49.888236938,1.6,58.642857143,10.522764031,10.63054166,18.357082984,6.1,27.522676081999997,0.0,3.8,9.3,27364.630874,78.569432802,4.555963552300001,1356.3,19.5,48.69407497,12.1,10.783608914,11.480865225,28.348214285999997,14.461637724000001,43.202979516000006,1.8237082067,13.120138289000002,1.1,20.5276,13.0,0.03532039648192098,31.090909091,6.1,0.0,0.0,0.0,6.963429601254401,4.655839550396367,2.1205848416453015,0.0,2.4985258557316903,0.0,19.246247101442048,0.0,0.45367049048684216,64.06170255904335,9.7955706985,10.9,69.88313856399999,0.00013960631020522128,7.3959938367,12.0,4.5101211316,26.0,8063,Kit Carson County,CO,8.4,82.456140351,35.0,19.927448609000002,266.7,94.33962264200001,0.0,81.544392365,13.960631020522133,3.3982026914,13.97038,0.7986688852,2.5,69.85191,1.231281198,36.60769000000001,3.4301350060000004,7158.0,4529.0,15.35383846,8.2184517497,0.00013960631020522128,36.802030457,206.29533506,15.017897999999999,633.40771,64.381927,-0.6313601,31.15,0.1401988274279888,0.3696150904919704,3.1735916390517462,0.5098139179199593,3.3902625541677276,0.9941371399439205,91.42238083099667,85.3937168502652,1.903984768121855,45881.0,0.4867,42.5,15.586245772266066,130200.0,18.303843807,73.0,53.900000000000006,0.78,13229.12,19.823973176865046,16.56653630042937,14.0,16112.031596,38.2,6.9,68.8,7.7,28.0
25.367908251,12.427686999,37.037037037,11.3,5400.0,3.346160281077464,13.5511,73.068071907,20.494314372999998,13.047224082,49.051050441,7.9,46.976442219,10.184415535,9.7717890689,28.600426266,3.3,26.022838345,71.51,19.1,40.6,20555.550313,68.111235157,4.8418238527,797.02,12.9,24.103991913,5.8,14.688715952999999,23.011639185,20.580918442999998,13.099400147,53.178408951,2.8793504941,15.301635692,-2.4,13.7943,12.0,0.062188388823824665,16.61341853,5.1,0.0,4.599319503888133,0.05223752217456698,7.136819410644158,1.9659369983304265,0.0,3.8921224959865377,2.831656080523848,15.409724273850905,5.3696888100060525,0.0,1.8792252189217096,56.863269685673664,7.7737180295,9.1,66.06031821399999,0.00011711560983771123,8.4724907717,5.9,4.739622896,37.0,8045,Garfield County,CO,8.7,85.13853904300001,42.0,86.584262888,257.4,72.198939019,0.0,80.679215982,1.6730801405387317,3.3362039048,71.04435,1.3821532493000002,-1.7,231.73991,5.407371484,86.60655,3.1490700344,59118.0,2788.0,18.336717335,8.077072791,3.3461602810774635e-05,34.159517,188.98070679,24.033462999999998,1053.5021,32.126160999999996,0.6413189699999999,20.23,0.9733367848822159,0.805936664078005,0.40728276814220377,0.010354646647683149,7.514021917335405,2.511001812063164,87.77806540685133,74.84962126837962,1.678300905985445,66503.0,0.4135,39.8,11.29134190014746,323800.0,9.849372527,71.0,51.790000000000006,0.77,10343.54,12.375249500998004,19.009706629776097,42.0,13743.712129,27.5,4.1,56.89999999999999,5.1,21.6
17.067123207,12.657181652,25.0,12.4,7664.0,5.798446016467588,9.7986,57.738095238,22.530978625,11.879663253,45.923608241000004,3.5,27.033609352,11.014367836,10.365095405,9.2331306453,6.9,26.125460326,68.96,4.7,20.4,19848.877927,87.19522994299999,1.1052223370999998,489.52,12.0,58.607413208000004,4.7,17.859965228,19.570405728,32.417195208,15.585525229000002,77.48986029699999,1.997386597,10.424080664,-2.5,10.4518,6.0,0.030557810506784182,38.241758241999996,4.2,0.0,0.22068989351102228,0.0,4.5763512372626725,2.69791516605365,0.0,2.2624705285081568,0.9276171426650288,8.326545162637181,10.014860412233698,0.0,21.29711001419365,49.67644044293495,0.9756097561,13.7,58.69130100100001,0.0,9.8231827112,4.9,3.8966114606,38.0,8051,Gunnison County,CO,7.9,95.12195122,40.0,90.903158444,234.9,81.839148873,0.0,81.952430476,0.0,3.6242799777,41.32475,2.2275258552,-2.1,218.43084,2.76849642,79.22964,3.4028308744,16939.0,1863.0,11.419493505,6.694129763099999,5.798446016467587e-05,9.0161760806,179.08196927,45.308527,855.13037,71.915275,0.95939506,18.66,0.8695652173913043,0.5735430157261794,0.4625346901017575,0.08633980881899478,0.44403330249768713,1.8378045020043168,95.72617946345976,91.02249224405378,1.9195966907962774,52651.0,0.415,36.4,44.79857215706272,313900.0,18.893222817999998,72.0,47.92,0.7,9927.71,12.562725072318317,19.48978070691915,83.0,13157.900049,22.4,2.4,42.70000000000001,4.5,15.9
20.00790097,16.051847069,37.991266376,8.3,5637.0,0.8617227906720232,22.5889,78.335468369,21.9316942,10.201051107,50.13600458,300.9,32.684573812,9.3295057389,8.613469692799999,15.372781332999999,3.5,25.331158873000003,62.74,699.5,42.5,19685.550702,78.334809689,1.5000252719,1020.72,12.4,6.8963581976,5.7,12.873556044,14.316478981,25.304379587,13.30239673,77.091011634,2.627923415,6.6488905978,-0.8999999999999989,17.429000000000002,6.0,0.051587896586371335,19.518716578,8.4,1.6862157427489015,0.7736638887422712,5.109019543637788e-17,6.221353939953284,5.870196725820673,0.3976665087174315,4.028721403076048,4.717284090656485,7.457265922570068,7.2416139531508845,0.0,0.5930963984832186,61.01292142608069,6.9015801979,9.7,70.794758675,1.378756465075237e-05,8.284038253,5.9,4.0354645587,42.0,8059,Jefferson County,CO,8.6,83.474443399,49.0,99.204367095,260.2,76.4277046,0.0,80.746784301,1.7234455813440464,3.1817543536,93.10614,0.9713311499,0.0,277.57813,1.33249585,82.19125,2.8360640365,574613.0,2503.0,7.8312239545,3.1858566651,5.170336744032139e-06,12.822002019000001,253.58037445,39.269111,1091.5781,23.216949,-0.1183269,14.27,0.7988950922736241,2.7019887275299674,1.104198542982719,0.06542216800909173,1.7591294064666887,2.736561417941276,90.83380464479664,89.02452493583756,4.743996061333868,75170.0,0.4352,38.8,3.7440950537888837,334100.0,7.6770128551,71.0,54.010000000000005,0.94,10106.0,16.052891250284976,17.425751230544098,30.0,14736.645414,21.6,0.400000000000002,57.9,5.6,20.5
13.838120104000001,30.939947781,25.0,12.5,8500.0,0.0,,49.861495845,17.776278734,10.835922459,49.869451696999995,1.4,62.962962963,10.08753732,9.209722790599999,6.3968668407,3.8,23.98616122,0.0,0.8,17.7,11965.914848,91.122715405,0.2436053593,547.29,13.6,100.0,8.8,9.793814433,9.1891891892,32.926829268,13.313016822,74.233128834,1.9867549669,8.637236084500001,1.0,,7.000000000000001,0.0,25.641025641,3.8,0.0,0.0,0.0,0.0,0.0,0.0,57.82829951754675,0.0,0.0,0.0,0.0,0.0,42.17170048245324,10.526315789,8.3,85.396039604,0.0,,9.1,3.9626015963,41.0,8079,Mineral County,CO,8.9,100.0,55.0,100.0,,,0.0,,0.0,3.3417957643,0.0,0.0,1.8,0.0,1.0810810811,136.61202,3.0046779486,766.0,1543.0,9.156626506,6.3636363636,0.0,,137.17421125,39.076576,,65.922922,-1.2513128,2.25,1.1990407673860912,0.3597122302158274,1.7985611510791366,0.0,8.513189448441247,2.517985611510792,85.61151079136691,96.10231425091352,1.705237515225335,50385.0,0.3927,40.0,68.85119506553585,279000.0,54.644808743,72.0,49.309999999999995,0.77,10622.59,33.02872062663185,,37.0,12075.227917,30.3,5.1,63.5,7.1,18.6
16.416353775999998,26.074259491,25.0,11.1,8756.0,0.0,,63.71040724,18.089702601,10.66755091,49.290780141999996,5.7,30.019120459,9.9284017328,9.01211737,6.236962870299998,5.5,24.537233931,0.0,8.2,37.8,19944.632237,90.71756362100001,0.6182380216,374.38,15.2,100.0,9.3,20.727101039,16.414141414,28.803545051999997,12.631844991,78.700361011,2.880838062,9.2906815021,1.9,,6.0,0.0,,4.1,0.0,0.0,0.0,5.441424246304523,4.074800546480114,0.0,0.0,0.0,13.381769790282261,4.0117341776174475,0.0,0.020865385571065525,73.0694058537446,,11.9,69.41923775,0.0,12.371134021,9.4,1.7289086109,34.0,8091,Ouray County,CO,8.4,93.333333333,43.0,69.43192064899999,205.7,123.25739544,0.0,86.5652885,20.69108214359611,3.270101908,125.15645,1.2121212121,2.4,146.01585,0.7575757576000001,102.9442,2.9819547281,4794.0,1055.0,9.7526501767,7.9462102689,0.0,,81.632653061,41.266376,983.0,50.205761,-2.9370485000000004,9.99,0.3223726627981947,0.5157962604771115,0.0,0.08596604341285193,0.06447453255963892,0.9456264775413713,98.06576402321085,89.20291455067344,2.980790461470524,61333.0,0.4382,39.4,31.446345256609643,420600.0,16.471072679000002,72.0,49.0,0.6,9374.1,24.84355444305381,19.23271322126751,28.0,12361.312639,29.5,5.7,43.70000000000001,7.6,19.3
23.971962617,15.07788162,16.666666667,11.5,6242.0,31.56565656565657,14.6667,67.793773016,20.461439842,11.874902815999999,48.785046728999994,1.0,32.943013271,10.217510374,9.4876420732,9.5638629283,5.1,26.840016669,66.3,2.1,17.8,27143.101694,84.968847352,1.2978585334,1039.83,14.4,100.0,5.6,10.07751938,11.89516129,24.292007551999998,14.087140276,68.76143990199999,3.862508859,9.438583270499999,-2.0,18.1333,9.0,0.05192550505050505,62.234042553,5.7,0.0,0.0,0.0,12.277087321232605,9.496230840921696,0.0,0.0,0.20553661621706712,0.0,20.542251685289393,0.0,18.604319181117905,38.874574355221334,8.6283185841,13.1,68.969797269,0.0,7.5925925926,6.0,2.3336726802000003,34.0,8103,Rio Blanco County,CO,8.1,97.5,17.0,94.779477948,336.9,99.84871407,0.0,79.152002358,0.0,3.3457245951,62.3053,1.2096774194,-1.2,202.49221000000003,3.5887096774,152.78839,3.0541973708,6420.0,4506.0,10.639426904,6.6791510612,0.0003156565656565657,18.735362998,96.740586397,22.762166999999998,715.53827,58.757656999999995,-2.7095512999999998,30.11,0.13725789232880892,0.09150526155253928,0.30501753850846425,0.12200701540338571,0.25926490773219457,2.013115754155864,97.07183163031874,92.2615184944841,0.9247242050616479,57991.0,0.4236,39.8,28.321470937129305,201000.0,15.278838808,72.0,49.82,0.82,12811.13,15.529595015576325,14.806537635150283,73.0,19996.008366,33.3,6.8,67.4,5.9,20.8
20.563139932000002,25.42662116,25.0,23.5,3469.0,43.42162396873643,,75.57172557199999,16.269093441,13.667869453,50.55460750899999,2.6,53.457446809,10.910672188,10.259855277,15.059726962000001,5.6,28.41836304,0.0,4.3,27.1,21084.744605,81.31399317399999,0.6398537477,1412.51,18.9,100.0,17.7,9.5534787124,10.526315789,39.761431412,14.921177964000002,72.771084337,2.2240527183000003,11.235955056,9.1,22.2426,12.0,0.06556665219279201,,5.7,0.0,0.0,0.0,7.9054726443977446,0.0,0.0,17.657397007883375,0.0,57.52271442308719,0.0,0.0,14.475930026470952,2.438485898160749,,11.8,71.142284569,0.0,6.7796610169,16.7,4.9324630692,25.0,8115,Sedgwick County,CO,8.1,62.365591398,19.0,62.505254308999994,440.0,118.06375443,0.0,77.737650321,0.0,3.5142881054000004,42.66212,1.4736842105,8.8,,0.8421052631999999,83.09098,3.3290221376,2344.0,2301.0,12.689969605,7.228915662699999,0.0004342162396873643,24.719101124,337.55274262,12.679955000000001,,51.668459,-4.3843836,25.69,1.0182435299109036,1.5273652948663556,1.2728044123886295,0.0,2.4183283835383964,3.6062791684344515,90.15697921086128,93.05301645338207,0.9140767824497258,49583.0,0.4379,39.1,23.053199691595992,91500.0,16.618196926,74.0,54.05,0.82,10647.31,27.517064846416382,,28.0,11855.255227,36.3,4.6,72.2,8.6,21.2
26.444278854,11.865424954000002,30.07518797,10.6,4653.0,0.9544868837594056,21.7666,79.959827624,20.562002535999998,14.007672533,49.592460436,24.2,43.981970953,10.337044794,9.7910815396,29.314946181,5.3,27.964312695,54.79,63.4,39.4,20705.255209,65.961337084,3.8272379067,1607.03,16.6,20.460001978,8.0,12.654270029000001,16.289304841,23.856903445,15.520743001,62.81652267,2.6664801699000003,8.7313661065,-0.19999999999999896,22.133000000000006,14.000000000000002,0.03792176389176119,20.52466534,8.6,0.005369067229768703,1.3596869688033901,0.0,6.182332340643738,3.556727347710911,0.3001483914564593,0.6621566281071241,9.2603073692619,0.003191674481945283,5.348972728578876,0.005364352603617634,2.0601004945245283,71.25564263659776,7.6162026526,8.9,71.581995051,3.817947535037623e-05,8.0592163375,8.0,4.8983465225,43.0,8123,Weld County,CO,8.7,82.106782107,47.0,79.769010185,290.0,67.099848205,0.0,80.16550325899999,0.3181622945864685,3.491396965,43.33083000000001,1.0658041254,0.5,234.05212000000003,3.1390847871,49.163880000000006,3.254835799,304633.0,2653.0,10.564780694,4.6986949449,3.181622945864685e-06,26.87820148,272.7775432,25.718427,844.87079,29.237302999999997,2.6151154,17.59,0.7244626901714563,1.35793006660157,1.1195923409944388,0.09064533176541409,5.191982612895436,2.710260421588288,88.80512653598339,80.49362756578302,2.1591484282336233,66489.0,0.421,39.4,4.157584952038945,245000.0,6.7134119051,71.0,53.39,0.92,10221.09,12.366027318117208,15.248310968731673,53.0,14688.429159,31.3,3.9,64.5,7.0,26.4
23.630031753,13.249732957,57.142857143,4.8,0.0,1.4436889139128302,19.4873,77.891769356,21.096669655,10.099089559,50.262653458,685.5,18.877274487,9.4047359511,8.323665780599999,12.402510937999999,2.4,25.859454176999996,0.0,1691.9,43.1,17900.709403,76.937709428,1.8957972091,902.05,11.4,0.5832990392,8.8,11.624347553,12.877178071,15.200258397999999,12.836509414000002,86.175670017,2.6256880251,5.0624645576,0.30000000000000104,16.9531,,0.08061558895289242,6.6587864460000015,8.5,0.005144167997902255,0.27109765348944886,0.3362201305818468,2.947816046838691,6.780147909287404,16.631955860752278,26.784766901441337,0.47070818281458543,1.21806165127322,9.891058289509,0.0,0.0,34.66302320601428,4.5046694745,9.7,66.72449687699999,0.0,8.0238046378,8.8,5.1980311719,46.0,8014,Broomfield County,CO,8.5,,56.0,99.620676698,204.5,57.534894136000005,0.0,83.089817225,2.8873778278256603,3.284937614,87.79503000000003,0.9987250319,1.0,122.91304,1.8487037824,102.21106999999999,2.7966769011,68341.0,2152.0,6.0020876827,2.7128547579,1.4436889139128301e-05,10.668292311,50.922081381000005,45.797268,1222.5862,20.955441999999998,3.4513794,13.36,0.46824199243968073,6.476051211051133,1.1231585333602974,0.0,2.188759080938973,3.6230418617674967,86.12074732044242,87.67731814053342,7.099331186524648,85639.0,0.4270000000000001,39.3,3.608458136682894,356500.0,6.4633468112,72.0,56.230000000000004,0.86,10667.77,12.613219004697035,17.13125375121148,11.0,13425.393585,23.2,-0.9000000000000021,55.2,6.2,18.8
