pct_lt_18,pct_65_and_over,pct_alcoholimpaired,pct_children_in_poverty,elevation,hosp_pp_rate,pct_diabetic,pct_drive_alone,pct_excessive_drinking,pct_fair_poor,pct_female,housing_dens,pct_free_or_reduced_lunch,pct_frequent_mental_distress,pct_frequent_physical_distress,pct_hispanic,pct_deep_poverty,pct_insufficient_sleep,pct_good_air,pop_dens,pct_long_commute_drives_alone,chronic_kidney_disease_pct,pct_nonhispanic_white,pct_not_proficient_in_english,pct_obese,pct_physically_inactive,pct_rural,chronic_kidney_disease_std_spend,pct_severe_housing_cost_burden,pct_severe_housing_problems,pct_singleparent_households,pct_smokers,pct_some_college,pct_unemployed,pct_uninsured,diabetes_pct,diabetes_std_spend,pct_lack_basic_literacy,adm_pp_rate,pct_children_in_poverty_hispanic,average_daily_pm2.5,budget_administrative,budget_air,budget_disease,budget_emergency,budget_environmental,budget_health_equity,budget_health_info,budget_health_svcs,budget_laboratory_svcs,budget_planning,budget_prevention,budget_waste,budget_water,pct_children_in_poverty_white,pct_food_insecure,pct_homeowners,comm_hlth_cntrs_pp_rate,pct_lbw,diab_hosp_rate_adj,pct_limited_access,pct_screened,fips,county,state,food_environment_index,graduation_rate,pct_vaccinated,pct_with_access,ageadjusted_mortality,injury_death_rate,kidn_hosp_pp_rate,life_expectancy,mds_dos_pp_rate,mentally_unhealthy_days,dentist_rate,inadequate_facilities,overobese_pct,mhp_rate,overcrowding,pcp_rate,physically_unhealthy_days,population,preventable_hosp._rate,pct_adult_uninsured,pct_child_uninsured,short_hosp_pp_rate,teen_birth_rate,violent_crime_rate,frac_coll_plus2010,rent_twobed2015,traveltime15_2010,ann_avg_job_growth_2004_2013,pct_staying_in_same_tract_as_adults_rp_gp_pall,race_estimate_total_american_indian_and_alaska_native_alone,race_estimate_total_asian_alone,race_estimate_total_black_or_african_american_alone,race_estimate_total_native_hawaiian_and_other_pacific_islander_alone,race_estimate_total_some_other_race_alone,race_estimate_total_two_or_more_races,race_estimate_total_white_alone,pct_only_english,pct_other_languages,median_income,gini_index_of_income_inequality_estimate_gini_index,mean_hours,pct_vacant,median_value,association_rate,medicare_avg_age,medicare_pct_female,medicare_avg_hcc,medicare_std_adj_cost_pp,pct_medicare_beneficiaries,med_2br_rent_per_med_inc,walk_score,sdoh_score_1,sdoh_score_2,sdoh_score_3,sdoh_score_4,sdoh_score_5,sdoh_score_6
18.802966102,27.145127119,18.181818182,42.8,7536.0,0.0,9.0,74.058919804,12.104991381,28.953848927,47.695974576000005,2.1,83.402489627,14.083104,16.244199573,62.208686441000005,8.1,28.823523025,0.0,2.9,25.3,16.7197,33.156779661,7.2895574197,21.7,19.6,100.0,16378.223125,16.46385111,18.213058419,39.097744361,18.78240666,52.512998267,3.5480349345,14.732479277000001,19.4268,10813.013642,0.25,0.0,53.535353535,4.2,0.0,0.0,0.0,0.13042155012101533,0.10429672100065596,0.0,0.0,0.04691231718666268,0.0,0.09416433648759932,0.0,0.0,0.6242050752040668,39.411764706,8.1,71.364795918,0.0002612330198537096,18.316831683,1664.07,49.231556906,24.0,8023,Costilla County,CO,4.8,92.30769230799999,34.0,42.42338252,454.9,104.58523697,0.0,77.746585795,0.0,4.3779884308999995,0.0,4.4673539519,0.718,26.48305,0.9621993126999999,70.3505831147541,4.837304914,3776.0,2730.0,17.497456765,7.2702331962,0.0,32.307692308,226.24434389,0.14316078,557.0,0.44813567,0.017328568,0.2262,0.014608599779492831,0.014884233737596472,0.0035832414553472994,0.0,0.01846747519294377,0.03114663726571113,0.9173098125689084,0.5371709574775817,0.01417413942724906,29000.0,0.5199,38.1,0.4375896700143472,114200.0,5.3748992206,69.0,0.4563,0.85,7269.98,0.2884004237288136,0.2304827586206897,35.0,0.3014712965931382,0.4417463499561835,0.24898928983572496,0.2941421721909527,0.06892099580483484,0.16432290390516452
26.908759915,10.102212585,32.188841202,13.7,5283.0,9.768143349457283e-06,7.6,77.665579012,19.677619071,14.830817166,49.510202378,139.7,53.479784842,10.355505238,10.726319656,40.046545183,4.6,31.03764475900001,54.52,378.2,45.1,24.1094,50.146571615,6.665957215700001,26.8,18.0,3.6204464191000003,22046.150059,14.538989332,18.486241461,30.814632830999997,18.069835361,56.641970711000006,3.0554683851999997,11.962599502,23.9884,15922.777521,0.14,0.1117241163737526,23.198274216999998,9.2,0.0027188630179413,0.0008633794040556155,0.0,0.00029845001081201493,0.002800455934786073,0.0042603739043415145,0.0,0.0041828730687560964,0.1238027648800303,0.0,0.05892124467621971,0.04542677437957475,0.7567248207234832,6.073034151,8.1,64.751273783,2.735080137848039e-05,8.728668942,1717.27,5.626211316900001,33.0,8001,Adams County,CO,8.8,75.098273799,44.0,92.481255789,322.2,73.814727082,1.9536286698914564e-06,79.15769188899999,1.1721772019348738e-05,3.5140661337,62.60347000000001,0.5682180936,0.6659999999999999,314.60728,4.9894656196,42.75503,3.4887859412,503167.0,3250.0,14.947970527,5.2157138349,5.860886009674369e-06,30.353612593,372.42750473,0.20083889,1037.3242,0.18204127,0.016261956,0.1835,0.011977042123603569,0.03908373475453522,0.0321430767653992,0.0012380854770933688,0.05172696525571385,0.034893922312186125,0.8289371733114687,0.7141178531126053,0.052428428588214684,64087.0,0.4058,39.4,0.03997636981243539,241900.0,4.4762308129,68.0,0.5291,1.01,9913.46,0.1060979754236665,0.19423425031597674,61.0,0.5408637046730235,0.2950422972453755,0.25256264059176814,0.881021294163578,0.35623642480842665,0.21047678468648728
26.527370479000002,18.927174976,16.666666667,28.2,7536.0,0.00012195121951219512,7.2,77.279151943,15.057301752999999,23.371822498,49.670087977,3.3,60.395408163,12.587724964000001,13.980276593,52.113880743,4.5,28.58903011,0.0,6.4,31.7,17.7756,44.94134897399999,3.3324517323,23.6,19.5,100.0,22630.250448,11.63115613,14.576271186,22.792149866,17.06183625,60.691271236000006,4.2091836735,9.2276984493,24.5283,12932.462032,0.21,0.016707317073170733,32.837209302,4.4,0.0,0.0,0.0,0.22170252632095336,0.1566527959572239,0.0,0.0,0.22863018276143604,0.09335214156087372,0.17489166926019098,0.0,0.003259956505243804,0.12151072763407833,22.035480859,7.3,78.07486631,0.00024390243902439024,10.107816712,1583.26,2.7094259371,21.0,8021,Conejos County,CO,9.2,89.18918918899998,27.0,22.117248061999998,414.2,119.5559351,0.0,76.061112851,0.0,4.0715804443,12.218960000000001,0.33898305079999996,0.627,24.437929999999998,3.1525423729,61.50818,4.361004487,8184.0,2827.0,11.146280805,5.402971634400001,0.00012195121951219512,32.200357782,44.952478808,0.18580416,529.10547,0.25890398,-0.0092682373,0.2852,0.020498342948324536,0.0007364674113170492,0.0047870381735608215,0.0012274456855284155,0.04688842518718546,0.01927089726279612,0.9065913833312876,0.6645067442475535,0.034911399100766995,35657.0,0.4386,38.6,0.3170509016206345,113100.0,6.1508180588,71.0,0.4976,0.94,9886.93,0.21248778103616814,0.17806505426704433,76.0,0.4751912331378843,0.5200974244844593,0.3004521976874812,0.9548829205675153,0.24740098081380932,0.3824048127423279
14.115716044000001,30.960196963,0.0,24.9,7860.0,0.0,7.4,65.987933635,15.297763297000001,13.225810171,48.522773902,5.4,48.525469169,11.24439245,10.600425773,5.6421830119,3.6,24.987807844000002,0.0,5.8,29.8,12.0308,90.213377103,0.7098694756,22.1,18.7,100.0,12467.31529,17.084942085,27.318295739,25.12,14.671794477,64.41717791399999,3.0272952854,12.105088128,13.1858,7969.5650323,0.07,0.0,27.67024140624727,4.2,0.0,0.0,0.0,0.19102019384686744,0.11470504717958585,0.0,0.42816484588312775,0.0,0.0,0.13055054831419305,0.0,0.0,0.13555936477622593,27.663551402,14.1,81.892021022,0.0,12.087912088,707.07,6.5990089389,36.0,8027,Custer County,CO,7.6,86.956521739,23.0,94.994124559,404.4,124.07497674,0.0,78.339128653,0.00020185708518369,3.6674754286,54.187791,2.2556390977,0.564,41.03406,3.2581453633999997,43.45937,3.3939829477999996,4874.0,1728.0,12.873369794,9.431137724600001,0.0,19.53125,125.15644556,0.29166666,676.0,0.433213,-0.0073292954,0.1555,0.009544950055493896,0.0,0.02486126526082131,0.0006659267480577138,0.006215316315205327,0.026637069922308545,0.9320754716981132,0.9338218456606366,0.02747881841080833,41330.0,0.4331,36.5,0.5236686390532544,248300.0,28.248587570999998,71.0,0.465,0.69,8065.8,0.30283135002051703,0.1962738930558916,7.0,0.4956159755024818,0.5529788897634248,0.45621098547894967,0.6083913167622277,0.41682516763423233,0.2697277270020181
26.606103806,11.386851735,38.823529412,2.7,6300.0,1.166942843139543e-05,4.9,77.97353149899999,19.692556938,8.2891669546,50.113779045,127.2,11.621096624000002,8.7096712537,7.375829594500001,8.7140134626,1.7,24.896147522,59.07,339.7,42.3,19.9008,82.578534383,0.7676982335,18.6,9.6,10.287425779,20652.365081,9.498727690099999,10.718624848,15.133267300000002,9.527502292000001,88.53945318,2.3905534669,3.6564112649,16.8176,14695.448658000001,0.04,0.08767533316218172,7.167970965199999,7.0,0.0030153288621122096,0.00033050766567941384,0.013474337519829816,0.016334949282890802,0.026311636103005208,0.15267846150727546,0.127535684553711,0.0,0.09275537778148718,0.0001081910042033394,0.0,0.02226637247432212,0.5451891532454834,3.1874593617,8.3,79.46554890600001,2.9173571078488576e-06,8.4990059642,864.65,1.7455362127,48.0,8035,Douglas County,CO,9.1,90.43345008799999,50.0,93.490270261,166.9,50.90486826,0.0,83.97351893,1.166942843139543e-05,2.9316980070999996,66.80604,0.3329883454,0.5670000000000001,100.20907,0.9899653512000001,68.46564000000001,2.4857312471,335299.0,2721.0,4.3400695905,2.3380525618,8.752071323546573e-06,4.7001097553,113.61496356,0.54559797,1358.2217,0.20831326,0.019968245,0.119,0.002539415467065495,0.04411416464136599,0.01185891443883592,0.0006138218981741135,0.013955879603664236,0.03011154732971895,0.8968062566211753,0.9072951255146766,0.05700292203479877,111154.0,0.3986,39.8,0.0359611670224662,407100.0,6.0858346114,72.0,0.5453,0.85,11914.45,0.11081154432312652,0.14663134390125412,8.0,0.9221186111974631,0.49853497684307674,0.874722010658264,0.924599595092803,0.628568228831097,0.43334746114014233
22.228510918,10.839480025999999,29.032258065,8.8,6497.0,1.818413252595785e-05,3.3,73.942398346,22.947914536,10.586307261,47.007595122,18.6,40.864227250999996,9.2458419117,8.7833224918,29.701307236999998,2.9,23.58048243,0.0,31.0,30.0,9.4432,67.059811583,6.3218504521000005,13.8,9.3,19.983907120999998,20975.116551,14.939689833,18.834080717,22.258441993,13.296327518,70.458777721,2.3165582563,12.873053965999999,8.8631,12606.349467,0.13,0.039368646918698735,20.689013035,4.2,0.0008338441824160262,0.0011914284559939447,0.0,0.058710098441586776,0.016537467662191583,0.0,0.061703054188186335,0.005271900449135929,0.06272873346269413,0.06672531804988699,0.0,0.03881351997495458,0.6874846351329539,0.9907422445999999,7.1,70.41373487199999,9.092066262978924e-05,9.2576028623,395.76,4.1579162517000015,45.0,8037,Eagle County,CO,9.1,70.766129032,47.0,97.844703719,139.5,49.673759183,0.0,89.74766171600002,3.6368265051915706e-05,3.0611992406999997,63.90126,1.2331838565,0.455,153.36302999999995,3.615470852,79.64585,2.8888501207,54772.0,1688.0,14.432454583,8.3956251475,1.818413252595785e-05,19.542661428,144.27581038,0.45145121,1330.3702,0.43460312,0.015238888,0.2005,0.0042809812753601606,0.008710866247254588,0.008580575512787104,0.0008748092171388152,0.07195771135018426,0.016863343632505676,0.8887317127647694,0.7211856190268902,0.03084746433447437,83803.0,0.4329,40.3,0.4433128603660065,471100.0,8.3350312101,72.0,0.4858,0.65,11975.98,0.08902358869495362,0.1904996527570612,58.0,0.634314989164088,0.6063810616829579,0.6261420135048854,0.9440391033239883,0.4846158503139552,0.24049275989531457
21.123682181,13.383903317,0.0,18.5,10158.0,0.00012781186094069528,5.5,67.022308438,19.844673775,14.934204187999999,46.01439958899999,11.3,60.890609874,10.917730553,10.814906990999999,36.153252764,7.4,27.124705005,0.0,19.4,46.6,15.0943,60.259706866,3.7229558865,20.1,14.7,31.067031464,18180.544083,10.215736041,16.033057851,29.398324448,15.342347430999999,53.076601088000004,2.1559923906,12.068965517,14.8041,14388.693083000002,0.19,0.0006390593047034765,14.319248825999999,3.9,0.0,0.0,0.0,0.04128030862213309,0.01705316202726704,0.0,-2.263835079935624e-18,0.21829034328203584,0.0,0.04904921608622129,0.20213738141430107,0.02686288078886164,0.44532670777918,8.7527352298,8.7,57.581227436999995,0.00025562372188139056,11.171171171,840.53,7.884144429299999,36.0,8065,Lake County,CO,8.4,54.666666667,46.0,98.659370725,293.3,74.579160452,0.0,80.55961494,0.0,3.5303679182,51.4271,0.0,0.611,51.4271,3.4710743801999997,78.76083,3.3827176341000005,7778.0,1361.0,13.97043936,6.4573459716,0.00012781186094069528,35.003431709000004,201.54517971,0.20416188,749.54309,0.37771544,0.012872895,0.2667,0.003074455286726373,0.006416254511428954,0.0012030477208929287,0.0046785189145836115,0.0922336586017912,0.011495789332976876,0.8808982756316001,0.8101994942399551,0.02177577971340264,46176.0,0.4092,40.7,0.2906530089628681,197600.0,13.126804936,70.0,0.4876,0.75,9882.29,0.11416816662381075,0.1947877053014553,71.0,0.581780742457668,0.509739182637325,0.1539568178728876,0.8246783218487304,0.43450213804406135,0.3580838369597118
19.120689345,16.472683445,42.222222222,11.2,6550.0,3.5517670040845316e-05,4.9,73.817567568,20.588112624,11.181260107,49.547572361,15.3,33.23491656,10.60666797,9.2118451074,12.833474249000002,4.7,23.2892142,65.75,30.3,27.2,17.3429,78.57309899399999,0.6578438201,16.7,11.7,59.94857209600001,15617.062624,13.456602339000002,15.059260981,25.708540789,12.939087465999998,76.332288401,2.4500993284,10.329271798999999,13.1344,11661.452692,0.07,0.081974782454271,12.659423712999999,5.0,0.0,0.0016772530189795667,0.0007886408736369276,0.038791090007333696,0.1146156576525614,0.0,0.0063389186867379285,0.00836509166472243,0.0730540028557443,0.0735255438523458,0.06675980326110509,0.02307917769198437,0.5930048204348484,7.2611816676,11.1,68.200568338,5.327650506126798e-05,7.4578989575,661.02,4.3927139194,40.0,8067,La Plata County,CO,8.3,83.261802575,44.0,78.396384463,243.8,80.535045557,0.0,82.005741501,1.7758835020422655e-05,3.5792569986,88.14694,0.7204276086,0.489,368.778,1.8126888218000001,107.86905,3.0625104474000002,55589.0,1807.0,11.593867515,6.4131312225,1.7758835020422655e-05,14.844582957,174.58228218,0.4068045,964.34424,0.36553928,0.0031545404,0.2036,0.059244707999045326,0.006352237052268264,0.005030384255264462,0.0004956947988764252,0.018652811691053626,0.023499605280067563,0.8867245589234244,0.8883213373577896,0.03606532002167015,62533.0,0.4364,37.6,0.19452135710857607,356700.0,10.607122953,72.0,0.5064,0.75,9578.55,0.1649067261508572,0.1850563843090848,38.0,0.6871136125608258,0.5603566815946038,0.6191797544493391,0.7678541824741296,0.41751335526797656,0.3256491396825938
25.809153911,14.835122990999999,33.333333333,15.2,6285.0,7.582650894752806e-05,7.5,72.554002541,18.561280681,13.921862365,48.56446576800001,1.3,44.434429923,10.486752536000001,10.361144701,15.70329754,4.6,28.176941365999998,79.15,2.9,22.8,13.7117,80.412763689,1.9343780606999998,24.9,19.9,27.357738311,21339.416825,10.301810865,15.045135405999998,23.982869379,15.529455569000001,51.230101302,3.3220338983,9.8140865213,21.301,11063.644271,0.11,0.08219593569912041,7.876230661,4.3,0.0,0.017236998405708918,0.0,0.0,0.0,0.01059772042631255,0.0,0.0,0.0,0.123679958503636,0.0,0.03777601545050525,0.8107093072138372,7.054963084500001,11.2,69.821673525,0.00015165301789505612,8.564631245,1459.61,8.314667074299999,35.0,8081,Moffat County,CO,8.0,81.35593220300001,44.0,76.571221457,380.5,101.2145749,0.0,79.871802039,7.582650894752806e-05,3.3766880322,38.07783,0.6018054161999999,0.616,152.31132,1.9859578736,45.77008,3.3606539575,13131.0,4036.0,11.536511156,5.8636626228,7.582650894752806e-05,42.63138552,159.08738165,0.14663829,663.7041,0.48946902,-0.0047492152,0.218,0.005974264705882353,0.0017616421568627453,0.00965073529411765,0.005897671568627451,0.009497549019607842,0.018535539215686275,0.9486825980392156,0.8932419196865817,0.015915768854064642,53010.0,0.424,38.5,0.18573480134035425,169200.0,11.442520406,71.0,0.5126,0.79,11510.25,0.15208285736044475,0.15024427843803054,67.0,0.6316406249030031,0.5292675795762845,0.1988122394193168,0.7107434646681774,0.4417139129147744,0.26815370522366505
15.231973169000002,18.468418111,16.666666667,6.8,7928.0,5.571030640668524e-05,4.7,51.803101334,23.204575899,9.5969609502,47.95416433800001,13.3,11.095571095999999,9.482342937,8.855372003200001,10.139742873,4.2,24.616017013,100.0,17.7,19.8,16.8905,85.679150363,0.6834786708,15.3,10.8,44.203405645,21596.128678999998,15.99546228,18.626155878,29.873772791,12.700586505,77.353342428,3.0910079768000003,12.054664127999999,18.442014814814815,10723.28,0.06,0.049749303621169916,8.1794195251,4.0,0.0,0.0018077383602005336,0.0,0.04926374626285577,0.029479083259523576,0.0,0.0,0.008473138614015963,0.14112014888991295,0.11519354540793494,0.0,0.25247729252784795,0.4021853066777084,3.7374658159,11.7,64.809264305,5.571030640668524e-05,10.065645514,207.62,1.7181700193,43.0,8097,Pitkin County,CO,8.5,92.80575539600001,50.0,93.66106834600001,129.8,62.19327408,0.0,92.918755408,0.0,3.1420890265,55.89715,1.6380449141,0.366,313.02404,1.9154557464,73.23119,2.9612232191000003,17890.0,1066.0,12.621035058,9.6673596674,5.571030640668524e-05,3.895184136,62.071495077,0.59415734,1509.3875,0.48411906,-0.0008776208900000001,0.191,0.0018594692060629968,0.013861497717924156,0.015270186510396124,0.0,0.037076689017862166,0.015382881613793881,0.9165492759339606,0.8595922696205515,0.05544426113598869,67755.0,0.5759,39.9,0.4592603506703993,593600.0,19.716088327999998,73.0,0.4817,0.65,13818.65,0.14678591391839016,0.26732565862297986,84.0,0.7677697709516037,0.7124597561286006,0.9634325688636466,0.7778968273155822,0.48568290471695197,0.291021169406801
23.059906203,19.591186621,7.1428571429,26.3,7884.0,8.888888888888889e-05,7.3,78.120835184,15.71661573,17.160647281,50.07521458300001,7.3,58.299798793,11.292465664000002,11.868778294,44.066896735,7.2,25.945847199,0.0,13.1,17.7,19.7118,52.535173878,3.5135135135000004,23.0,15.3,62.535469871000004,17376.250173,13.286405631,15.926327194,23.835920177,13.698436807,58.627300613,4.334251607,12.177491103,20.6382,11615.19472,0.16,0.04986666666666666,24.404761905,4.4,0.0,0.0,0.0,0.04746844889792577,0.1230394720641738,0.0,0.0,0.0275524838551119,0.13331734003504306,0.021839786814288203,0.0,0.032573889643486245,0.614208578689971,23.392857143,9.4,66.168421053,8.888888888888889e-05,10.710607621,1503.09,5.3681933528,30.0,8105,Rio Grande County,CO,8.5,84.939759036,33.0,78.350859623,411.0,119.51570159,0.0,76.783408925,0.0,3.6495122138,61.94142,1.0834236186,0.72,26.54632,3.4452871073,113.25028,3.8054110786,11301.0,4530.0,14.441501792,6.656859139400001,8.888888888888889e-05,35.225048924,200.85582045,0.19437934,491.27466,0.53320074,-0.038796086,0.2926,0.023884514435695538,0.002274715660542432,0.00594925634295713,0.002012248468941382,0.0352580927384077,0.01426071741032371,0.916360454943132,0.7280521901211556,0.026188257222739986,38534.0,0.4641,38.7,0.29357525282569896,143000.0,19.165432529,72.0,0.5117,0.89,9278.72,0.255552605964074,0.15298946177401776,76.0,0.41295908697240363,0.5154140220176627,0.29238906475714255,0.8282608646989128,0.35681578241011136,0.22094256704731402
25.36585365900001,20.433604336,40.0,21.4,4284.0,0.0005330490405117272,6.9,73.139158576,18.819087537,12.289804253,49.70189701899999,0.6,45.625,10.277793283,9.5778100051,11.761517615,4.3,26.273965876,0.0,1.0,11.3,16.8905,85.040650407,1.5995872033,22.8,22.5,100.0,21766.327885,8.146067415700001,7.3825503355999995,14.351851852000001,13.528306367999999,59.8,1.7467248908000002,13.424657534000001,18.442014814814815,9485.4945455,0.11,0.031982942430703626,18.75,5.8,0.0,0.0,0.0,0.0479906479715606,0.05032524085466493,0.0,0.0,0.0,0.6003293252387554,0.03990031472941942,0.0,0.0,0.2614544712055997,8.971553610499999,10.2,73.45360824699999,0.0,5.4644808742999995,1252.94,9.8792927929,16.0,8017,Cheyenne County,CO,8.0,88.888888889,33.0,55.174291939,315.53000000000003,118.49617581,0.0,78.040394065,0.0,3.4460484085000003,0.0,1.0738255034,0.662,209.38368766666665,0.5369127517,54.11255,3.1174861413999997,1845.0,4205.0,14.44332999,11.387163561,0.0005330490405117272,25.74546230447407,80.14961261,0.18454364,608.0,0.67239529,-0.035851575,0.2649,0.0018805829807240246,0.0305594734367654,0.000470145745181006,0.0014104372355430185,0.0009402914903620123,0.021156558533145273,0.9435825105782792,0.8818369453044376,0.025283797729618158,54907.0,0.4023,44.0,0.15743756786102062,90000.0,10.822510823,74.0,0.5356000000000001,0.84,9452.08,0.1826558265582656,0.13287923215619138,30.0,0.6521026630714766,0.47169354780146344,0.29693604054133305,0.7329415563705061,0.4970722142473728,0.3118922845341484
14.920848771,17.295385652,28.571428571,34.8,3891.0,0.0,6.9,77.735849057,17.781493539,20.760108993,34.489727181,1.5,68.09045226100001,11.887792583,13.268047905,32.586729539000004,7.5,31.043706994,0.0,4.3,20.1,23.9456,55.96160323300001,2.4490525563,25.4,19.4,37.959686106,16118.344975999995,21.829268293000002,18.042813455999998,29.125138427,20.664542499,33.219678519,2.7012987013,12.458908613,23.1293,12732.27319,0.16,0.0,38.043478261,5.4,0.0,0.0,0.0,0.08808586523251043,0.07988317173948029,0.0,0.0,0.0,0.14464927640979106,0.15331227597303015,0.0,0.0,0.5340694106451881,28.16091954,13.1,62.556818182,0.00017001020061203673,10.780669145,1930.26,12.101555187999999,31.0,8011,Bent County,CO,7.3,70.108695652,37.0,85.120787814,451.9,100.18309324,0.0,77.796382362,0.0,3.8031767695,54.187791,0.6116207951,0.767,84.20344,3.3639143731,17.06193,4.0835545338,5938.0,6589.0,15.151515152,5.6306306306,0.0,28.540065862,133.48758565,0.13209681,545.0,0.50178999,-0.042666741,0.2672,0.009645194626248708,0.0044781260764726145,0.060626937650706175,0.0,0.013262142611091971,0.013089906992766106,0.8988976920427144,0.8625312835180551,0.009116910976045764,32500.0,0.47,38.8,0.21847246891651864,77700.0,6.824773929400001,71.0,0.5178,1.03,8511.35,0.16082856180532165,0.2012307692307692,62.0,0.24241002904184844,0.4469680727235773,0.11868979998259975,0.5775894078427171,0.30637176713828906,0.10986582816434402
12.203098107,13.356282272,50.0,37.6,4310.0,0.0,6.1,78.268251273,17.841836728,23.50594932,26.574870911999998,2.0,72.99771167,12.803404399000001,14.508212201,31.222030981,5.0,32.396830172,0.0,7.4,37.2,23.5294,54.337349398,3.3545727136,22.9,17.2,100.0,16141.035069,17.652173913,15.811965812,32.451253482,22.025341021,33.720255369,3.0864197531,8.2534389329,30.8824,13005.336484,0.14,0.0,29.411764706,5.4,0.0,0.0,0.0,0.4940288321579275,0.0,0.0,0.0,0.0,0.0,0.0,0.0,0.0,0.5059711678420725,30.841121495,14.5,73.909465021,0.0,9.3495934959,1690.88,4.8635991993,38.0,8025,Crowley County,CO,7.7,82.75862069,32.0,33.127253993000004,362.4,93.700446879,0.0,78.06036440000003,0.0,4.0030492081,54.187791,1.6239316239,0.688,209.38368766666665,2.0512820513,17.56235,4.3925270543,5810.0,5123.0,9.794721407599999,4.8582995951,0.0,50.874403816000004,65.18904824,0.12165681,525.0,0.49578059,-0.021783972,0.2627,0.01414581066376496,0.004715270221254987,0.042981501632208916,0.0,0.017591585056220528,0.05059847660500544,0.8699673558215452,0.8721889055472264,0.01705397301349325,35292.0,0.4201,35.8,0.2344045368620037,79700.0,7.024938531799999,69.0,0.5143,0.96,8518.93,0.12994836488812392,0.17851071064263854,0.0,0.30181553411404566,0.4441285185549348,0.1665079062696133,0.6144455078127544,0.2155367333728796,0.2387489670982975
19.54523464,24.673439768,40.0,16.0,6693.0,0.0,7.3,60.333761232,16.14063163,16.101309068,47.02467344,1.4,55.849056604,12.412182017000001,11.906838182000001,6.482825350700001,4.7,26.777227454000002,0.0,1.9,35.5,21.4286,87.76003870299999,0.0,18.6,16.9,100.0,13590.569457,7.5384615385,16.312056738,39.058171745,16.707549425,57.777777778,2.9876977152999995,10.911424904,19.5767,9688.6275,0.11,0.0,27.67024140624727,4.4,0.0,0.0,0.0,0.07969321552423837,0.09966445941463667,0.0,0.0,0.0,0.22301196024272985,0.15522411023765664,0.0,0.0,0.4424062545807384,12.515538016128572,14.9,79.773691655,0.0004821600771456124,17.391304348,640.78,48.664563,34.0,8033,Dolores County,CO,3.6,81.818181818,32.0,27.810077519,306.7,118.71784725,0.0,78.076101014,0.0,4.0259160738999995,96.75859,1.9858156028,0.584,48.37929000000001,3.2624113475,70.3505831147541,3.791615375,2067.0,3391.0,12.357581069,7.029478458,0.0,25.74546230447407,175.3507014,0.14876033,625.0,0.53634083,0.0021739814000000003,0.2346,0.008640552995391706,0.0,0.0,0.0,0.000576036866359447,0.033410138248847934,0.9573732718894008,0.976688583383144,0.0065750149432157795,40352.0,0.4477,40.5,0.5028129395218003,122000.0,4.8638132296,71.0,0.4733,0.79,7964.51,0.2506047411707789,0.18586439333862012,11.0,0.621754526733094,0.4460590636775481,0.20451149968770663,0.007631103049904228,0.295969400096061,0.2226489470149053
11.608391608,23.356643357,0.0,21.3,9322.0,0.0,7.1,47.213114753999996,18.900423266,12.970266037,42.937062937,2.0,60.0,10.487889051,10.039910549,12.167832168,1.9,26.812702778000002,93.75,1.8,13.2,16.8905,83.916083916,0.0,20.4,15.3,100.0,12635.224211,14.901960784000002,21.428571429,45.744680851000005,15.562056282,53.781512605,2.2304832714,9.9811676083,18.442014814814815,8942.975555600002,0.06,0.0,27.67024140624727,4.0,0.0,0.0,0.0,0.166002818493281,0.09455451463481424,0.0,0.3389717398298485,0.0,0.0,0.14889164803914046,0.0,0.048636134658838384,0.20294314434407748,12.515538016128572,7.9,67.058823529,0.0,9.619186631178689,365.0,41.186526195999996,24.0,8111,San Juan County,CO,5.6,50.0,53.0,99.713876967,315.53000000000003,91.84535816877967,0.0,80.76581954577966,0.0,3.4436872932,0.0,1.4285714286000002,0.5429999999999999,0.0,1.4285714286000002,144.09222,3.273774856,715.0,2986.8360655737706,10.792951542,5.7471264367999995,0.0,25.74546230447407,71.83908046,0.30794165,1150.0,0.69387758,-0.016191507,0.2179,0.005272407732864675,0.0,0.0,0.0,0.02284710017574693,0.0,0.9718804920913884,0.9053803339517624,0.040816326530612235,46397.0,0.4031,41.8,0.6448467966573816,269400.0,14.409221902,72.0,0.4882,0.64,7095.9,0.18727043936347113,0.2974330236868763,38.0,0.46326934911919604,0.6312839723664081,0.2940562447447683,0.4110705170086439,0.4598161598265129,0.2781262493776095
16.967509025,22.093862815999998,50.0,25.6,8099.0,0.0,7.5,61.166429586999996,17.632496462,13.469415867999999,47.220216606,0.8,48.958333333,10.952588982,10.510797901,13.140794224,8.1,26.726187746,96.2,0.9,43.2,16.8905,84.0433213,2.1044427124,22.6,17.6,100.0,20730.946667,9.8591549296,9.756097561,4.1522491349,14.970942767,53.138075314,1.7653167186,15.033301618,18.442014814814815,16466.16,0.1,0.0,28.571428571,3.4,0.0,0.0,0.0,0.0,0.464278227436952,0.0,0.0,0.0,0.0,0.4738024395593506,0.0,0.0,0.06191933300369749,17.307692308,11.1,70.35175879399999,0.0,26.136363636,789.75,8.056575582699999,38.0,8057,Jackson County,CO,8.0,100.0,37.0,87.159253945,367.5,91.84535816877967,0.0,80.76581954577966,0.0,3.5395855132,0.0,0.0,0.578,288.8086600000001,0.6504065041,73.69197,3.4069260938,1385.0,2986.8360655737706,16.306954435999998,11.440677965999999,0.0,25.74546230447407,0.0,0.21710527,742.0,0.6226415,-0.038202655,0.1172,0.003644314868804665,0.0,0.0,0.0,0.060495626822157436,0.003644314868804665,0.9322157434402332,0.8371005455962588,0.0,45994.0,0.3843,40.0,0.5449695121951219,171300.0,22.107590273000003,72.0,0.4862,0.74,10562.46,0.2259927797833935,0.19359046832195506,39.0,0.5976668149181883,0.5690511161790994,0.404811922551285,0.7185427073112276,0.5131021674096321,0.17430442353295494
19.892957648,15.11558946,30.573248408,8.9,5001.0,1.4264602673757126e-05,5.1,75.03303523,21.505528041999998,10.367827333,50.07238877100001,51.1,33.581659531999996,9.764857129,9.4423184874,11.445856688,6.4,25.076056051,55.07,115.4,26.3,17.0214,82.75519222300001,0.9874911404000001,18.8,12.2,11.660381137,20281.254782,15.80903351,17.256672527,24.705226859,12.607448045,79.831207111,2.4333107788999997,7.2794932812,16.2404,14397.361634,0.07,0.09285115172401988,22.525934464000002,6.6,0.0011429911548722894,0.034813317102918434,0.0,0.06913043750603577,0.05300351320913303,0.0006224099424674369,0.07896330612996746,0.02508901128093316,0.026772039935899286,0.07729285783698454,0.0430297486750335,0.016374368365972912,0.5737659988597821,7.3929401123,12.4,64.846515762,1.997044374325997e-05,8.408966186799999,1118.08,4.651516851,46.0,8069,Larimer County,CO,8.1,79.215456674,52.0,92.546473985,249.6,69.254417081,0.0,81.384181291,2.8529205347514254e-06,3.1829714935,79.94744,1.0348409781,0.535,316.8825700000001,1.4943263544999998,87.35474,2.9528122129,343976.0,2572.0,8.2777705551,4.3189881227999996,1.4264602673757126e-05,12.407525354,201.12825097,0.43402416,983.48883,0.36096725,0.00541818,0.1368,0.006435511940442812,0.020536232234361403,0.009224233781301364,0.0009033887653485447,0.018886565793290143,0.03153702987527796,0.9124770376099778,0.9101264933688358,0.036402761016288976,64980.0,0.4503,37.5,0.08510817290840005,306600.0,9.23548426,72.0,0.5492,0.83,10648.47,0.1558742470404912,0.18162305263157896,23.0,0.649645718553101,0.5326169591403084,0.6415797476091004,0.7081379224940118,0.49219149247929295,0.35753175880405824
18.487394958,17.190354403,24.137931034,18.3,3939.0,4.645113340765515e-05,9.3,75.736311524,20.962332476,13.7165516,44.240957252,4.9,47.070775483,10.531064977,10.386938255,16.085129704,7.2,26.61342855,0.0,12.4,16.9,21.0328,77.13737669,2.6621227836,33.4,21.1,29.155841296,20702.401437,13.332482775999999,14.312617702,30.107526882,15.638034075,55.509745126999995,2.3454918397999998,10.678258561,23.1532,12565.515286,0.11,0.04775176514306949,18.567961165,5.7,0.0,0.0,0.000918853520587448,0.05553816043327281,0.06906066306594437,0.0,0.0027442148458597304,0.0,0.14998611777724025,0.09336948426519764,0.0,0.006510996046882656,0.621871510045015,15.290620872,13.1,61.98012513800001,4.645113340765515e-05,7.4859638178,1634.36,6.6747155437,38.0,8075,Logan County,CO,7.8,87.38317757,39.0,83.99753401699999,372.8,86.623054365,0.0,78.544784083,0.0,3.3851634410000004,63.93861999999999,1.6321406152000002,0.616,274.02265,2.1845574387999998,77.55828000000002,3.3501040595,21896.0,3728.0,12.202568017,6.5034797216,4.645113340765515e-05,25.888019266,301.13036248,0.18294246,619.90057,0.58318746,-0.00047606239,0.2252,0.008681745487777016,0.009549920036554721,0.011606122915238748,0.0,0.006625542609092986,0.045236463331048665,0.918300205620288,0.9307551736059664,0.00933471625425989,44876.0,0.4513,39.9,0.10102569758464762,148700.0,13.23053059,72.0,0.5318999999999999,0.92,10162.79,0.17889112166605772,0.16576358944647476,76.0,0.5954233697053537,0.45317845917798877,0.28675519026327556,0.6506285924313411,0.439043547485545,0.25940852213088794
22.402448355,21.323641928,32.0,24.5,6177.0,3.8229222417616025e-05,8.2,78.756712478,17.058384342,16.538831895,50.501147666,6.0,60.281065088999995,12.749055813,12.224635464,12.631981637,7.8,28.05402674,72.14,12.6,21.2,16.0197,72.34889058899999,0.47107438020000003,24.3,18.0,67.182298806,14460.994099000001,12.292490119000002,15.266442630999999,30.247991616999997,17.34369205,60.457395795,4.0006154793,13.488000751,17.3211,11216.070377,0.11,0.04124933098860769,46.935041171,5.1,0.0,0.01772862142385513,0.0,0.035892996224653494,0.08097181934063323,0.0,0.028937960370311117,0.1278816295081914,0.0,0.04630023763024755,0.0,0.053107057586748004,0.6091796779153599,18.100089901,14.4,70.19961977199999,7.645844483523205e-05,8.1800580833,933.27,7.4335716395,30.0,8083,Montezuma County,CO,7.5,74.349442379,37.0,79.150186019,362.4,129.28297672,0.0,78.389186329,0.0,4.2806337162,61.20887999999999,1.5362457993,0.6659999999999999,133.89441000000002,3.1685069611000003,85.18834,4.0307430332,26140.0,2474.0,15.65941269,8.1276528848,3.8229222417616025e-05,41.906958861999996,159.32125307,0.25705883,707.9368900000003,0.48582029,-0.0015974713,0.2346,0.1189755529685681,0.0010477299185098954,0.0038416763678696154,0.0012029491656965466,0.016375630578191698,0.02852153667054715,0.830034924330617,0.8839256198347107,0.06256198347107438,45645.0,0.4208,38.9,0.14087382605144955,197900.0,9.6299862958,72.0,0.5161,0.81,8719.21,0.2264345830145371,0.18611551495234974,81.0,0.48203794289727353,0.49871929941601995,0.3375012984704592,0.5841821768251046,0.1935886671151219,0.25820611117015924
17.585038283,13.581021715,53.84615384600001,9.6,7017.0,0.0,5.4,45.941315057,21.268353893,11.108821812,46.391364378,5.2,28.871391076,10.217144375,9.3366086896,10.330111711,4.5,26.334091622,100.0,5.7,28.8,8.9096,86.418978285,0.6030554811,17.6,12.1,100.0,11217.40791,23.31382814900001,31.419939576999997,24.861495845,14.799194733,77.424547284,2.8534370947000003,11.46979003,18.442014814814815,9596.715,0.06,0.0,25.108225108000003,4.6,0.0,0.004935381854458567,0.0,0.05290981780625255,0.031706187559429895,0.0,0.062320927557931165,0.0,0.0034411585894665725,0.06458553965803436,0.0,0.03545984481897286,0.7446411421554542,7.757885762999999,12.9,59.800060588,0.00012208521548040532,7.740585774099999,398.5,1.9480937390000002,37.0,8113,San Miguel County,CO,8.2,96.739130435,34.0,82.11713548,144.4,73.639572383,0.0,97.96523541100001,0.0,3.3888434960000002,62.75888000000001,4.6827794562000005,0.314,301.24262999999996,3.4441087613,74.84096,3.0162234260000003,7967.0,865.0,12.051702165999998,9.5359186268,0.0,25.74546230447407,114.00342009999999,0.49152419,910.32617,0.47954267,-0.0081545031,0.1317,0.004100461301896463,0.01255766273705792,0.0017939518195797027,0.0,0.007560225525371605,0.017042542286007174,0.9569451563300873,0.8941302599839185,0.02278209595282766,62243.0,0.5286,39.5,0.5119030016264972,485000.0,9.9787950605,71.0,0.4499,0.62,7790.18,0.11422116229446465,0.1755042983146699,0.0,0.5243292996193502,0.5564290279613721,0.8214158881191309,0.7228948693677167,0.38656817065766685,0.28703281818182813
17.471394953,20.826909032,47.368421053,13.6,6875.0,3.9867639437068924e-05,8.0,75.43495196100001,19.751134413,9.057394902999999,49.062728232,22.7,36.089698669,9.5000126312,8.2870832974,6.3417998864,3.7,23.028347779,0.0,41.9,54.7,16.2627,89.016473261,0.4466044923,20.3,16.7,62.60385439,17646.859509,12.006861062999999,14.457202505,28.948598131,13.514000842,71.245583039,3.2374691865,7.6911035742,15.8412,12539.731873,0.06,0.01961487860303792,27.67024140624727,5.0,0.0,0.0,0.0,0.05566497066364216,0.030827552481247137,0.0,0.003978737336984433,0.0,0.17678155913967836,0.12439455963737528,0.0,0.0,0.6083526207410728,12.515538016128572,10.7,80.72647876100001,3.9867639437068924e-05,12.64,840.4,1.7797098552000001,30.0,8119,Teller County,CO,8.6,76.495726496,40.0,81.319057816,320.1,90.956559821,0.0,80.62542801,3.9867639437068924e-05,3.1178702849,52.7469,0.7306889353,0.53,142.01086999999995,1.3883089769999999,58.229009999999995,2.6895942319999997,24646.0,3049.0,8.4634456879,5.1344743275999996,3.9867639437068924e-05,15.862524785,242.00111363,0.31321642,928.04163,0.25467312,-0.0098020714,0.1094,0.0038285161344608523,0.011106903950523793,0.006647313727964997,0.0,0.008246034751146452,0.025032605494551725,0.9451386259413522,0.957178510442664,0.024519462323219055,66809.0,0.4081,38.9,0.2251018995616396,261100.0,12.893565695,70.0,0.485,0.74,10227.53,0.21938651302442588,0.1666916068194405,30.0,0.6525059962887494,0.4505459775425292,0.4370570393784754,0.820324771830015,0.5651914921520503,0.3210511618752906
26.243176179000002,18.004962779,12.5,17.1,3575.0,0.0001996007984031936,7.6,68.808458723,17.497391915999998,14.828488777999999,50.282878411999995,1.9,57.158836689,10.946184332,10.465623909,23.483870968,7.3,24.406695936,0.0,4.3,17.2,14.125,74.59057072,7.0555436414,25.2,18.1,64.910883202,21439.481169,9.2119275825,10.090556273999999,25.441176471,15.004031267,62.782258065,1.6241704506,12.128003985,19.875,12232.0008,0.14,0.03722554890219562,32.397408207,5.9,0.0,0.0,0.0,0.0007473195019550626,0.0,0.0,0.19088738859978047,0.0,0.7022899480428608,0.0,0.0,0.0366138893580856,0.06946145449731811,15.149700599,11.0,62.028127313,0.0,6.9375619425,1427.99,6.7939646676,40.0,8125,Yuma County,CO,8.1,86.0,15.0,72.139798865,284.2,69.064861772,0.0,80.026341403,0.0,3.4566881061,39.70223,0.1034928849,0.585,99.25558,2.6908150065,39.5922,3.4090246623000002,10075.0,3596.0,14.345914254,7.575757575800001,0.0001996007984031936,33.124440465999996,4.9002793159,0.17702015,642.11658,0.60412478,-0.029859634,0.2913,0.003165496092590761,0.0,0.014739341181125732,0.0,0.028291621327529926,0.018894054802651102,0.9349094865961024,0.8187861891486168,0.006755307741797128,44668.0,0.444,42.1,0.0971263087547338,148800.0,17.816490151,73.0,0.544,0.8,12105.39,0.18014888337468984,0.1725037825736545,48.0,0.57097276432306,0.49534050320801976,0.27037612928080823,0.7398616565247375,0.46119646721097524,0.23282603733928683
19.415591261,13.711652827,27.450980391999998,9.8,5445.0,1.5333754500456945e-05,4.2,64.733935743,23.596602586,9.4492212574,49.658929535,175.0,27.830619704,9.4440481911,8.8995277501,13.938619719,7.0,23.443086016,60.5,405.6,27.7,13.9289,77.850263865,2.0308845725999998,14.9,9.3,8.9130825924,21986.367027,17.786625896,19.687385218,24.849744246,10.954005329000001,82.36857294,2.4275897502,7.1760976348000005,13.8851,14493.608753,0.07,0.10838511031102988,29.024556617,7.7,0.00013884977934152745,0.013651567289586254,0.0002603433362653639,0.15944834960451645,0.06274803143955003,0.00022673058168236695,0.03554524081891205,0.0004409383017659216,0.021939853577437003,0.06372816092393953,0.002892708827440397,0.007199699852319792,0.6317795256672429,6.187653607100001,11.9,62.239054277,1.5333754500456945e-05,7.9108216433,852.16,3.0818909238,45.0,8013,Boulder County,CO,8.3,87.785910339,51.0,96.62793184600001,210.5,68.09478844899999,0.0,82.85410883600001,1.5333754500456945e-05,3.0606339752,100.15069,1.0774190915000001,0.46,655.1653600000002,1.8814022772999999,123.51579,2.9360337306,322514.0,2793.0,8.3392362366,3.6691616766000004,1.2267003600365555e-05,8.6643685075,242.3764358,0.5719403000000001,1231.4741,0.35550568,0.0045500491,0.1396,0.00530964511872518,0.045157237469300664,0.008640011111742459,0.0008554778996281352,0.024212234280988187,0.029398766344047325,0.8864266277755679,0.8388827149231203,0.06816500522483372,75669.0,0.4792,36.7,0.05854624588670266,423500.0,9.4654062677,72.0,0.5417000000000001,0.81,10834.74,0.13764363717544045,0.19529383499187247,39.0,0.6533602237954176,0.5337447245469212,0.9028470658441249,0.7508914306893414,0.4943578349010412,0.3933565569380396
21.347788784000002,15.825598627,35.714285714,7.2,6300.0,0.0,6.0,77.949709865,18.776599551,10.079705657,49.520318228,4.8,21.585109576999997,9.042281093,8.1319056506,7.0899305826,2.3,25.616058731,0.0,12.5,70.4,17.4424,88.83082442899997,0.2038562813,23.8,16.9,100.0,20520.241442,11.022988505999999,15.805109923,14.272576789,13.20906097,74.285113541,2.4354501047,7.371975239199999,16.3984,15687.578333000001,0.06,0.0,8.8,6.2,0.0,0.0,0.0,0.0,0.0,0.0,0.0,0.0,0.5870374192663504,0.3160863083199464,0.0,0.0,0.09687627241370317,4.9944506104,8.4,89.837581773,3.8048854729472636e-05,8.832807571,1034.19,7.4583149198,39.0,8039,Elbert County,CO,8.5,86.153846154,39.0,56.943602183,235.9,62.330009066,0.0,81.647748118,3.8048854729472636e-05,2.9285069260000003,15.59941,0.8318478907,0.619,109.19585,2.2459893047999997,19.81689,2.7528491443000003,25642.0,3660.0,8.048213949400001,5.5448661886,0.0,7.893852872,4.2722262571,0.29211572,965.81915,0.11950068,-0.0015596558,0.1498,0.007290351484543641,0.008430741660896836,0.006679428175783001,0.00028509754408829877,0.01063006557243514,0.02598460473261923,0.940699710829634,0.9587191030323622,0.01584133186103797,92849.0,0.409,40.8,0.049222520107238606,380000.0,6.7377432523000005,71.0,0.5141,0.78,11117.24,0.15147024413072302,0.12482449784057985,8.0,0.7971924646557844,0.44408358658243324,0.4528399422470523,0.8433863707367366,0.6874753602112788,0.2890665207299144
18.872032589,23.697148476,39.130434783000005,31.5,5746.0,6.895125146521409e-05,8.3,71.55450076300001,16.480836525,18.32656262,47.801657536,1.7,55.555555556,10.980724344,11.428509603,41.789577188,7.1,27.280525008,0.0,3.3,21.1,19.1286,53.090321673999995,1.7236277556,24.5,23.0,40.794479912,18980.034109,15.881962865,17.167381974,30.020283975999998,15.051321088,57.770597738,4.0465190377999996,10.272536687999999,23.278000000000002,11320.04202,0.14,0.04605943597876302,26.30834512,4.8,0.0,0.0,0.0,0.022350257259295986,0.09527227277192987,0.0,0.005610086983988718,0.040926687075046944,0.03260090888718264,0.07469654868102893,0.0,0.04217740814055543,0.6863658302009716,14.971209213,8.3,65.892207997,6.895125146521409e-05,9.3585699264,2056.99,15.41721668,28.0,8071,Las Animas County,CO,7.8,85.620915033,31.0,80.389501515,500.7,157.97565482,0.0,75.437595914,0.0,3.6537155652999997,49.16421,1.0300429185,0.7290000000000001,147.49263,1.0128755365,70.9069,3.7384555595999998,14238.0,4698.0,11.83733727,5.873660879199999,6.895125146521409e-05,39.93344426,146.89423615,0.19264911,662.11224,0.50812787,-0.025530431,0.2619,0.03589852307257438,0.008197300544131156,0.009045297152144723,0.0014133276800226133,0.05222245777683556,0.042187831248675006,0.8510352625256166,0.8362183754993342,0.030403905903240123,40586.0,0.45399999999999996,36.9,0.25843881856540085,145900.0,13.472310855999998,70.0,0.4935,0.83,9905.75,0.2607810085686192,0.19576570443009908,48.0,0.4155339358254928,0.49024635627847885,0.2931200738354771,0.74059408567322,0.3541255256370852,0.25679970095790594
20.122610891,17.778579156,21.052631579,23.5,5560.0,0.00017825311942958999,7.2,72.303409882,19.651017674000002,14.95136071,42.318788315999996,0.9,41.713483146,10.795841422,10.599445581,13.811756221,6.2,30.452834359,0.0,2.1,18.9,16.3728,77.87594662800001,3.3953577594,24.6,19.4,100.0,19217.462258,10.696338837,13.432835821,27.762557078,15.575052963,22.86049238,2.1214642263,10.348583878,20.403,12515.719485,0.11,0.037611408199643495,41.758241758000004,5.5,0.0,0.0,0.0,0.07624293825732788,0.4158162766595119,0.0,0.014395781552306915,0.0,0.13878109247685955,0.0773974799378229,0.0,0.0,0.2773664311161709,9.151785714299999,12.3,69.126607989,0.00017825311942958999,8.8161209068,1238.95,9.5222526074,31.0,8073,Lincoln County,CO,7.6,78.048780488,45.0,59.831717578,293.5,68.626742758,0.0,80.360177728,0.0,3.550934222,126.21708999999998,2.328358209,0.72,198.34115000000003,0.47761194030000004,17.721069999999994,3.3961589610000003,5546.0,4114.0,11.457131872,7.7945084145,0.00017825311942958999,21.233569262,99.791345369,0.15251108,827.0974296721313,0.58327526,-0.041920457,0.2585,0.010326086956521737,0.0016304347826086956,0.09130434782608696,0.0025362318840579717,0.0048913043478260865,0.009963768115942028,0.8793478260869565,0.9142528294647996,0.006330328026088625,44725.0,0.4427,40.0,0.2238570677877036,132100.0,12.404749247,73.0,0.5527000000000001,0.9,9756.44,0.17652362062747926,0.1841457099501543,11.0,0.6165420906928987,0.5068437979520831,0.1912727838395839,0.6469088936856846,0.37581088230215326,0.2644406432190289
15.677877585,19.344056821,23.529411765,11.4,7555.0,0.0,7.5,66.34558679,18.885479886,9.4076828425,47.451430959,14.4,26.923076923000004,9.263757872000001,8.3384934986,7.102569459,3.8,25.866889435999997,53.76,23.0,52.7,19.2982,88.58366409,0.3155640708,20.2,14.4,100.0,20902.658563,8.304175414,10.047281324,25.883922615,12.334364052,75.91973244100001,2.61404408,6.217001056,15.1629,15699.841314,0.05,0.0,42.016806723,4.6,0.0,0.0,0.0,0.061503982532739164,0.06876094351081831,0.0,0.1866635195355545,0.0,0.0,0.09951720458242327,0.0,0.0,0.5835543498384647,2.0764119600999997,10.7,77.206218564,0.0,10.101010101,713.11,2.3458862855000002,35.0,8019,Clear Creek County,CO,8.6,81.034482759,42.0,81.811179577,238.2,70.920461628,0.0,82.672006039,0.0,3.1038075938,41.77982,1.0638297872,0.519,41.77982,0.8037825059,70.3505831147541,2.7570039798000003,9574.0,1894.0,6.619695231900001,4.7402597403,0.0,13.254786451,562.54136334,0.41479254,852.90485,0.29942715,-0.009214066,0.1122,0.006481581505887436,0.00864210867451658,0.008750135032948041,0.002052500810197688,0.00594144971373015,0.025170141514529544,0.9429620827481906,0.9561591344528344,0.025808632931364813,68534.0,0.4399,39.2,0.24009728978457265,317000.0,6.358626536699999,70.0,0.4691,0.77,10305.71,0.16586588677668687,0.14933986342545305,30.0,0.7910254856582856,0.49224592256413235,0.6204679331902396,0.8127046710876161,0.502984281903426,0.34818400913680037
18.235527359000002,14.484536082,55.555555556,7.4,6770.0,3.886060700268138e-05,4.1,68.287199663,22.740072787,9.8372999042,47.807295796999995,6.9,21.426517112,9.9171701592,8.900261906399997,7.0103092784,4.0,25.752917892,99.72,10.0,23.0,10.8505,89.758128469,1.6590217344999998,14.2,9.9,45.178442299,17704.730272,17.854778195,19.300106045,15.097225257,12.413289055,75.31671434399999,2.3817166335,8.3995835699,8.9254,10735.257336,0.05,0.05187891034857965,25.830258303,3.9,0.0003407583534031556,0.003247410790958246,0.0,0.05274212039847435,0.09762957593630242,0.0,0.03430284107618474,0.01909701986723431,0.08428269094550676,0.06698550655122835,0.012244636778867926,0.01327379160804183,0.6158536476937977,9.6143824909,11.8,68.273897447,7.772121400536276e-05,9.0967741935,420.0,5.3101406437,48.0,8107,Routt County,CO,8.1,94.39655172399999,57.0,80.611680633,212.2,73.325863433,0.0,83.224997827,0.0,3.3523511711,91.19746,0.9013785790000001,0.507,297.38303,1.5906680806,113.59948,2.8905976852,25220.0,2861.0,9.2205438066,5.6214865709,3.886060700268138e-05,9.2004381161,159.39811273,0.45802674,1065.0889,0.52503026,0.00044111218,0.1428,0.006445256373414344,0.010755778151812471,0.007923149554579416,0.00012315776509708938,0.01876103288312328,0.008579990968430559,0.9474116343035428,0.9304239722210316,0.024392335062374072,67472.0,0.4684,37.3,0.4289673454633088,460600.0,14.605647517000001,71.0,0.4788,0.66,10813.36,0.1338223632038065,0.1894277152003794,88.0,0.6891454955926416,0.6413225472360907,0.7566321219382264,0.7252273048527659,0.44240680799221727,0.34442914251928025
16.086316822,12.911557952999999,26.315789474000002,7.9,9065.0,3.225078208146548e-05,4.4,72.43030432,22.837851495,10.286641474,46.20892594399999,49.1,33.25836379,9.7071139551,9.0245893363,13.983979075,5.1,26.294238836999998,0.0,46.0,14.8,10.008,82.54046101,3.359127682,14.5,8.4,19.518468243,15215.885019,19.81369863,24.938393296999998,21.237458194000002,14.879807317000001,71.998805495,1.862958924,11.146544609000001,6.6453,7507.1739548000005,0.08,0.04234527687296417,42.03539823,4.1,0.0,0.0,0.0,0.02373457921379012,0.09225173154099707,0.0,0.005030989372688021,0.0039046478572817077,0.24031952162468664,0.034654871448455575,0.0,0.03280297242381229,0.5673006865182884,0.6468305303999999,10.8,66.493918562,0.0002580062566517238,12.111959288,297.66,6.5519517864,47.0,8117,Summit County,CO,8.2,95.022624434,52.0,100.0,135.9,50.914791416999996,0.0,94.65908285299999,6.450156416293096e-05,3.0959485035000003,88.27857,2.2178413011,0.433,274.64443,3.2035485461,72.43037,2.9968563223,30585.0,1163.0,12.171761148,6.640159045700001,3.225078208146548e-05,17.386722866,175.97667052,0.4978058,1278.6989,0.51751369,0.019990604,0.1577,0.0026243186864948523,0.0044411547002220575,0.009521566516385171,0.0024224480183029405,0.06035932978938161,0.019783325482807347,0.9008478568064059,0.8533239535701723,0.037636299683433,73538.0,0.4333,39.1,0.6915372569489756,547700.0,8.2307236452,71.0,0.4752,0.61,10364.46,0.0978911230995586,0.20865928907503606,58.0,0.622119103595624,0.6566120645559937,0.8226068172915841,0.7517701192560542,0.5062366254179461,0.3059485640805242
23.980424144,13.135157995999998,31.25,26.6,7536.0,5.9941257567583765e-05,6.4,75.783076204,16.960832995,20.356649898,49.761343725,9.1,62.708649468999994,13.095626139,13.556237249,45.713249955,10.4,32.336114854,97.5,21.4,11.4,16.067,48.655670352,4.4696770806,19.9,17.0,36.866299773,23475.402602000002,14.188600314,18.887015177000002,29.768859538,17.137427492,59.28863869,3.4264884569,12.683598531,22.3945,12072.815056,0.14,0.1174848648324642,45.064377682,4.6,0.0,0.0014283103897370644,0.0,0.06425937208010975,0.1683536735049984,0.0,0.015113114090054829,0.004825440167353679,0.15231469056990007,0.07211860030693054,0.0,0.043683297301387834,0.4779035015895277,16.456536165,13.0,56.918498925,0.0004795300605406701,10.844976713,1514.98,2.6244486406,28.0,8003,Alamosa County,CO,8.1,77.215189873,40.0,82.41502104199999,406.8,97.4053646,0.0,76.542927339,0.0,4.0673163514,120.83862,0.5059021922,0.605,1419.85379,3.0354131535000004,72.05476,4.0512562882,16551.0,2816.0,15.475805582000001,6.0446450966,5.9941257567583765e-05,22.147147147,189.21357314146775,0.25294462,671.3439900000002,0.56423432,-0.014329617,0.2324,0.02569593147751606,0.012480881003364943,0.024961762006729886,0.0022025084123585194,0.04380544509024167,0.029978586723768737,0.8608748852860202,0.7066815437122604,0.036164347597794695,36315.0,0.4846,36.1,0.11912043104703655,152900.0,11.40867059,70.0,0.5167,0.87,9869.73,0.15817775361005376,0.2218402280049567,76.0,0.42969689722875637,0.5241118197375251,0.3455731241145885,0.7094662696011805,0.20659061191595285,0.3294581322617194
20.063465062,25.23226904,59.090909091,21.2,5055.0,3.230704616676897e-05,8.0,75.358349311,15.86773278,15.299038707000001,49.856058623,12.8,57.073662967,11.634057189000002,11.751677009000002,15.247971735,6.9,28.179718115,93.27,27.1,28.2,12.7523,81.245092908,1.6213954461000002,23.1,18.4,63.172008271,16982.933397,17.334824501,19.029850745999997,24.67807661,16.480203741,44.126879233000004,3.8935710802999997,10.292928385,14.4404,11369.934777,0.12,0.05327431912900204,25.049180328000002,5.3,0.005409147078488298,0.051280823686448165,0.0014255665948644887,0.019332273958682332,0.04114983510072039,0.023952546697170903,0.03385692151471263,0.10091928631255123,0.2621238736626845,0.05574307521902919,0.0,0.0,0.4048066501746479,20.603015075,13.4,71.02896278600001,3.230704616676897e-05,8.6551884597,979.2,3.4535023461,38.0,8029,Delta County,CO,8.0,88.0,36.0,73.255363143,339.9,102.4170422,0.0,78.594742253,0.0,3.7837192841000014,39.25674,0.6218905472999999,0.652,147.21277,3.3167495854,78.83845,3.8062188266000003,30568.0,2651.0,11.953048181,5.9915080988,3.230704616676897e-05,34.185197478,84.29694515199999,0.17961693,776.73724,0.40698391,-0.01008397,0.214,0.009597246583049278,0.00963034053678393,0.011549789853393786,0.0,0.01614984942251051,0.013204487540126418,0.939868286064136,0.8975557027790371,0.01736462219742669,42487.0,0.4863,38.6,0.1769220320565064,206200.0,14.453715262000001,72.0,0.5115,0.77,9159.44,0.27044621826746923,0.21938114905735875,73.0,0.4090182252775443,0.5164176331724208,0.28464097077601425,0.6810056543898029,0.3434825633469479,0.31254741228945615
16.352320276,21.156878824,30.23255814,22.8,5343.0,2.082422273588638e-05,8.9,81.872495958,17.793320323,14.528954333,42.198111819,12.6,52.216174183999996,11.203293737000001,11.410504906,13.330810152,5.8,29.326335596,100.0,30.5,22.8,17.889,79.103849955,1.4453961456,24.7,18.0,26.420211856999998,17488.283073,12.676755148,14.840881272999999,36.12515371,17.008364437,40.578499848,4.2893131795,8.593511644500001,21.11,12402.045812999999,0.12,0.0379209096020491,33.822181485,5.0,0.0,0.0005463734765063192,0.0,0.0908627459312081,0.02508921162128263,0.0,0.0,0.10211384945334748,0.04980480346087727,0.07312052246397628,0.0,0.061845065943863776,0.5966174276489381,23.158417481,14.2,74.907528934,2.082422273588638e-05,8.7485736021,1267.94,11.373338517999999,36.0,8043,Fremont County,CO,7.1,78.512396694,43.0,67.016914403,377.1,107.39399105,0.0,77.952622402,0.0,3.8107302363,35.74507,0.76499388,0.58,304.88446,1.2484700122,48.47616,3.6276189119,47559.0,2433.0,9.9855216722,4.5664443304,2.082422273588638e-05,33.03874915,225.26871339,0.17126945,701.58588,0.44874114,-0.030385097000000007,0.1844,0.012338791013068387,0.007274522005965537,0.04602905517048991,0.0005793867084397331,0.012124203343275896,0.018926632475697945,0.9027274092830626,0.924362062812277,0.02170324768022841,44712.0,0.4401,37.3,0.14610290371879775,160000.0,10.116764322,71.0,0.5151,0.88,9068.27,0.2403540865030804,0.188294653784219,7.0,0.477085807722724,0.48490895864797007,0.22323993954946392,0.5398085667853,0.3094346873524711,0.3474836280273553
22.724733443,18.044751464,42.424242424,23.6,4639.0,1.7907347384631914e-05,8.4,81.50916067,15.80543309,22.0507732,50.72233068,29.1,64.11723567899999,12.514870887,14.230770539000002,43.000450518,7.9,33.135582641999996,95.12,66.7,22.2,22.0498,52.163988587,1.2383276395,28.0,19.8,14.153511502,20785.261721000006,16.299717064,18.166640165,40.478042761,17.137062180999994,62.279176432,4.3268972915,7.8386333730999995,26.0784,13793.300652000002,0.13,0.13604808719684353,33.597689333000005,6.0,0.013395768734006523,0.003343686939893377,0.0,0.03103361553596424,0.0806854203370524,0.0,0.04050259377841384,0.03214094552361026,0.06524529559118833,0.051301200480611465,0.035115199789084325,0.014170921898241469,0.6330653513919335,16.175467322,10.4,63.169997951999996,7.759850533340496e-05,9.5106399324,2214.9,16.040452446,40.0,8101,Pueblo County,CO,7.4,81.038506418,51.0,68.104461754,430.3,102.50270307,0.0,76.95232360899999,1.193823158975461e-05,4.1921171075,68.47875,1.3436158372,0.632,471.54227,1.9557958340000001,62.98335,4.6173534895,166475.0,3489.0,9.5265704557,3.6405446606,1.193823158975461e-05,34.247861185,629.90730185,0.20627518,766.18976,0.39578474,0.0035128647,0.1968,0.03557000146907595,0.008832819156750405,0.02215856226433573,0.0008630821213456737,0.11389011311884825,0.041476911022966564,0.7772085108466774,0.8584154872295429,0.01582560598666016,42386.0,0.4535,37.6,0.10095159874253024,148000.0,8.4179672123,70.0,0.522,0.98,9892.61,0.2063973569605045,0.21691778228660408,16.0,0.38977762200763966,0.388361716814258,0.2913374360698072,0.6413680064030014,0.19667540233702802,0.3355259586659284
21.991671453000002,22.616312464,48.275862069,18.3,5830.0,2.3688823613019376e-05,8.5,80.793907777,15.698912214000002,14.910726558,50.710798392,8.1,49.000152648000004,11.282133052,10.986637836,20.646659008,8.1,26.132140253000003,78.83,18.4,14.8,13.0648,76.11765269,3.5379435379000004,20.7,15.0,44.989824595,19777.469763999998,16.092447277999998,19.976147883,31.034482759,13.967242743,52.763993076000006,3.3022700119,12.453151082,15.8294,11309.415678,0.12,0.07281944378642156,35.757171448,5.0,0.0,0.00028211566382436347,0.0,0.06055383712451092,0.09862075245080017,0.0,0.00248150929304596,0.0,0.15655317746507072,0.057302006032880826,0.0,0.0,0.6242066019698669,23.361522199,12.5,69.187658545,4.737764722603875e-05,7.3931211829,986.43,10.191973725,37.0,8085,Montrose County,CO,7.5,80.93306288,42.0,84.506735149,309.6,116.13950347,0.0,79.73995426399999,0.0,3.637196711,86.15738,1.1627906977,0.583,236.9328,3.160405486,62.69441,3.5534275424,41784.0,3597.0,14.747448312000001,6.6588285592,2.3688823613019376e-05,31.738885763000003,134.4240888,0.22139049,748.11871,0.49825031,-0.0039032376,0.1981,0.007944656301945829,0.008189107265082625,0.004229001662266549,0.0037156546396792797,0.02356507284638701,0.01642710472279261,0.935929402561846,0.8371665371665372,0.0185962185962186,44865.0,0.4186,38.7,0.09430433853387477,202500.0,9.8864266596,72.0,0.5174,0.74,9100.84,0.23834482098410875,0.20009861852223332,28.0,0.5072360270900274,0.49520076608721975,0.314661453201488,0.6292439570439388,0.3684113866055676,0.20163650293580926
25.971906924000002,15.429909194,17.142857143,15.0,4321.0,7.003291547027102e-05,8.6,72.202138297,16.50826978,15.985977575,49.517593643999994,9.0,62.30123280300001,11.038590197000001,10.913958473,36.311719636999996,4.6,27.668792515,0.0,22.0,14.7,16.6105,58.654937571000005,8.456967605900001,31.2,20.6,32.547320572,23091.366171,9.4790442617,14.587332054,30.742145179,16.255003016,50.235086688,2.4433698142,11.960835059,24.0022,14661.318902,0.22,0.05924784648784929,10.345781466,6.3,0.0,0.0,0.00012300122148874995,0.0,0.0,0.0,0.004157787768633802,0.0,0.0,0.0,0.0,0.11140244883998067,0.8843167621698967,13.309024613,8.1,64.241909614,0.0002451152041459486,6.5059445178,1865.9,4.4384452536,36.0,8087,Morgan County,CO,8.9,84.146341463,39.0,73.42235164600001,409.9,89.71587617799999,0.0,77.751237167,0.0,3.532365579,78.03631999999998,1.6794625719999998,0.6990000000000001,212.82632999999998,4.6065259117,56.58909,3.520471272,28192.0,3335.0,14.610267353,6.3065425462,7.003291547027102e-05,38.888888889,202.82873649,0.14865148,698.2857700000003,0.64160401,0.00031675663,0.2561,0.003911389254346976,0.005404828787824912,0.030828858941080256,0.0010667425239128117,0.039611705721295735,0.04441204707890339,0.874764427692636,0.7322599194939621,0.03538432049070347,51456.0,0.3996,40.8,0.09029267874002232,162900.0,12.025182145999999,73.0,0.5481,0.89,10964.81,0.16341515323496028,0.16284649486940306,81.0,0.5581705265029423,0.4288247564660332,0.21617341630806364,0.897007295304517,0.33486730841363144,0.21998866871608927
15.531974309,19.402401564,18.518518519,12.7,7733.0,0.0,6.0,71.76246924600001,20.447310277,9.859931203099999,47.277296844,6.4,36.820083681999996,9.4108192327,8.49874495,6.0988550684000025,2.2,27.20678369,100.0,7.4,66.4,14.34,89.030996928,0.0369208049,20.6,14.8,100.0,18662.411254,11.486856517,14.617486339000001,21.784682081,14.621966909000001,69.991351975,2.4032305722,10.253669659,14.0684,12229.017604,0.06,0.0,27.67024140624727,4.5,0.0,0.0,0.0,0.07942434346421262,0.08993186988630726,0.0,0.26930587852926097,0.0,0.21171893529802724,0.10003832598264303,0.0,0.0,0.2495806468395488,12.515538016128572,9.6,81.282988226,5.3890924768269015e-05,11.00795756,702.42,13.563437002999999,37.0,8093,Park County,CO,7.8,87.5,42.0,72.127607059,249.7,114.22180447,0.0,81.81778579600001,0.0,3.1674898743,11.17006,1.5027322403999999,0.557,72.60542000000002,1.2704918032999999,17.47641,2.814754063,17905.0,2738.0,10.995647925999998,7.4074074074,0.0,7.4189769621,112.33150275,0.32756215,840.12921,0.19860725,-0.0047558481,0.1334,0.010710059171597631,0.011005917159763314,0.0019526627218934914,0.007396449704142011,0.00544378698224852,0.013727810650887576,0.9497633136094674,0.9664636022398622,0.015445203372100178,61644.0,0.4056,40.7,0.4847639634614044,262300.0,6.4080158453,69.0,0.4752,0.73,8713.08,0.17363864842222845,0.1635447167607553,32.0,0.6853648301507741,0.4738344390810508,0.5156355312354468,0.7093108219159259,0.5281362634926388,0.2344350841570651
21.249622698,21.928765469000002,21.428571429,40.7,7697.0,0.0,8.1,71.840715156,13.543232527,21.35947608,49.758527015,1.2,89.18918918899998,13.524692547999999,14.780787876,36.100211289,4.7,29.572306712,0.0,1.9,28.1,12.1859,58.859040145,4.5121545122,23.4,17.8,100.0,19010.585983,14.320486815,18.461538462,23.02209551,18.113796308,50.126156433999995,4.4359576968,17.461600647,14.0704,12541.117826,0.23,0.0,27.080394921999996,4.1,0.0,0.0,0.00022165039375970802,0.10465444991758373,0.08377555911644302,0.0,0.0,0.0,0.0,0.08837201199199557,0.0,0.0,0.722976328580218,16.151202749,11.0,70.639756283,0.00043840420868040335,13.577586207000001,897.07,9.559264546,24.0,8109,Saguache County,CO,7.9,80.24691358,28.0,48.34643091,314.0,123.14493211,0.0,80.453515443,0.00014613473622680112,4.1857641976,15.092060000000002,2.0769230769,0.574,60.36825,4.6153846154,31.30380000000001,4.5304918150999995,6626.0,2062.0,19.955592562,10.711768851,0.0,37.974683544,175.50857599,0.19323213,738.0,0.53406411,-0.010457819,0.196,0.013568949195329758,0.01104449353108236,0.0,0.0,0.03960239823288104,0.03155569580309245,0.9042284632376144,0.6676656676656677,0.039294039294039296,34765.0,0.4997,37.3,0.3467661691542289,150100.0,12.521521365,70.0,0.4946,0.69,10260.81,0.1694838514941141,0.25473896159930964,83.0,0.23382445500046645,0.46525703367546145,0.26672502200812304,0.7026438167690523,0.16277832487806929,0.1280052116882422
21.793214436,18.422857746,40.0,17.9,4855.0,3.263558453595462e-05,7.2,77.891392686,19.587284215,14.76979048,50.538201773000004,18.8,49.694137638,11.543703136,10.970782535,14.561787674000001,7.3,26.870960206,70.14,44.1,14.7,14.5135,81.410932883,0.9224064018000001,22.7,15.4,12.676267525,17455.318601,15.620759837,16.929831968,34.43785892,17.197619228,61.840015078,3.9795876931,9.3341927275,17.4076,11134.611235,0.09,0.11201185324430346,36.424216645,6.4,0.00016471636348709353,0.007637133006301783,0.0,0.04556357138255352,0.15668510124185844,0.00043007808367999216,0.02895653873381705,0.00755763680579628,0.08828425123697138,0.06429504778679576,0.0,0.02231333542203543,0.5781125899367029,17.028924222,13.8,66.96278194199999,3.263558453595462e-05,7.8464509899,1153.27,9.5351035998,38.0,8077,Mesa County,CO,7.4,75.99538372800001,47.0,77.599285729,352.2,96.646072966,0.0,78.68724408199999,1.305423381438185e-05,3.9229969387,72.55171,1.317233809,0.594,292.18552,1.8323060034999998,108.60656999999999,3.7094193927999997,151616.0,3159.0,11.138028428,4.6411764706,2.61084676287637e-05,30.406104883,347.93466523,0.2453209,786.33893,0.41696817,0.0024673652,0.1704,0.007634511216548609,0.007170795306388526,0.007365690399064505,0.0014986760574738909,0.012547211656070648,0.02349493944811086,0.9402881759163432,0.9359316947699344,0.012046298942555015,51971.0,0.4473,38.4,0.0718609676480054,207900.0,8.8617631577,71.0,0.5287,0.79,8682.96,0.19596876319121992,0.18156408689461428,11.0,0.5030191876877013,0.46724259560482173,0.32733873226701893,0.5818516310294561,0.28874391384876497,0.30602416551509143
25.758077879000002,17.249378625,25.0,25.0,3617.0,8.220979940808945e-05,9.6,76.96461825,17.485413322,18.185931949,50.033140017,3.6,63.080168776,11.905776115999998,11.866350172999999,38.053024027,6.6,28.06926328,98.33,7.7,10.9,23.8532,58.831814416,4.6942940811,29.4,19.2,37.885427456,21021.898771,12.183173589,13.285272915,34.973753281,16.54185447,60.209992758999995,2.6222651223,12.937977199,28.2785,14339.119546000002,0.19,0.08319631700098652,37.119801366,6.4,0.0,0.005900243643543445,0.0,0.04004417692454959,0.1877059313483748,0.0,0.0,0.003363344204711908,0.29127043053993984,0.052093222704201504,0.00045691566951253565,0.0006233168154377241,0.4185424181497285,8.3273510409,10.3,65.13331976399999,0.0005754685958566263,7.251264755499999,2319.21,12.634270059,27.0,8099,Prowers County,CO,7.7,82.857142857,29.0,59.15863277800001,402.1,81.299464087,0.0,76.932773238,8.220979940808945e-05,3.7545572715,66.28003000000001,0.3913491246,0.7290000000000001,198.8401,1.7507723996,33.55142,3.7121226010000004,12070.0,6075.0,15.800572375,6.6343042071000005,8.220979940808945e-05,45.173267327,56.942975677,0.18293081,535.05103,0.68626875,-0.027762583,0.2326,0.0025653757034094678,0.006454816285998014,0.004882489241972857,0.0,0.013819927176431645,0.020771267792121816,0.9515061238000662,0.774869109947644,0.01579554530126897,41740.0,0.4332,42.1,0.17677613941018766,94400.0,17.614494212,71.0,0.5267000000000001,0.94,11219.43,0.1888152444076222,0.1538239664590321,68.0,0.46048288835661566,0.486530651313351,0.2637315410718118,0.6915370272377465,0.3515873432595952,0.1666931634589621
18.513853904,28.463476071,100.0,16.8,9001.0,0.0,7.4,67.430025445,17.036294575,12.191055908,48.740554156,1.2,38.738738739,10.852898089000002,10.06613622,4.4080604534,5.7,25.34834204,0.0,0.8,11.3,16.8905,90.428211587,0.0,19.5,16.4,100.0,15606.282631999999,10.764872521,17.721518987,30.281690141,13.902441629,69.911504425,2.2357723577,11.794871795,18.442014814814815,5508.1770588,0.06,0.0,11.111111111,3.8,0.0,0.0,0.0,0.0796476862529681,0.11733563730339702,0.0,0.012242389666216977,0.030718835041423826,0.0,0.20191758381923106,0.0,0.0,0.5581378679167631,21.551724138,12.3,69.836956522,0.0,9.619186631178689,255.29,3.285375334,27.0,8053,Hinsdale County,CO,8.2,75.0,13.0,41.637010675999996,315.53000000000003,91.84535816877967,0.0,80.76581954577966,0.0,3.5478039681999998,0.0,1.0126582278,0.5579999999999999,251.88917,3.0379746835000003,0.0,3.2940552567,794.0,2986.8360655737706,12.820512821,9.4674556213,0.0,25.74546230447407,254.61489497,0.42032331,804.0,0.93665159,-0.037839267,0.272,0.02317073170731708,0.0,0.0,0.0,0.013414634146341465,0.015853658536585366,0.9475609756097559,0.945638432364096,0.027812895069532242,53056.0,0.429,36.9,0.744266851980542,325400.0,38.07106599,73.0,0.5,0.65,11049.19,0.2657430730478589,0.1818455971049457,52.0,0.6382823427648329,0.5633123863178862,0.5985259115836103,0.7308502776746002,0.49220846777757926,0.22014806334558773
24.340705230999998,12.411903345,41.522491349,13.4,6145.0,9.805899228976153e-06,7.0,77.548545913,18.268438107,12.436873950999999,49.503741248000004,118.9,38.574232615999996,10.286676097,9.9808116688,17.05914489,4.8,28.964562828000002,63.84,292.6,26.2,22.0852,69.33678664600001,1.5462309526,22.6,15.2,8.9343251969,17686.353516,14.062620922,15.975294045999998,27.29399032,13.677585121,75.169739662,3.2651386902999997,7.053128412,20.1806,13504.480849000001,0.08,0.0867191702528241,24.515498895,6.1,5.357468152524821e-05,0.00395846962809005,0.0004276216336543677,0.07195417760237141,0.05772943859643352,0.003912712711250889,0.011890116965410641,0.005102337869581478,0.019450817256936568,0.06450959761495477,0.0,0.005748829574702512,0.7552623058650895,9.8187892286,12.4,63.252917976000006,3.362022592791823e-05,9.591289011599999,1254.62,8.3768960629,36.0,8041,El Paso County,CO,7.7,76.312718786,45.0,88.387225337,326.4,84.394551182,0.0,79.054457441,9.805899228976153e-06,3.4837740793000003,102.25505,0.7175326661,0.597,294.46592999999996,2.5154412213999997,60.44017,3.4295209216000004,699232.0,2979.0,8.6531507527,3.2224906203,5.603370987986373e-06,23.568190109,399.61498249,0.33977646,952.20154,0.29151371,0.005305869,0.1455,0.00665060326661984,0.02746041201732002,0.06143361399827511,0.0041462539973267185,0.047641910655487486,0.05722808546203021,0.7954391206029406,0.8829575586262657,0.044449961960967815,62535.0,0.434,39.4,0.05864947890164151,238200.0,8.4848696178,71.0,0.5375,0.87,10185.11,0.1353742391652556,0.182720372271528,16.0,0.6245008086319015,0.4545231956945682,0.4780526595546699,0.6579984900148558,0.39000568212561115,0.33012645781841704
23.390036451999997,19.967598218,23.076923076999996,19.8,4663.0,0.0,7.8,74.74701012,17.968056453,12.409617632,47.87363305,1.0,49.312169311999995,10.729014516,10.101034926,10.692588092000001,3.5,27.607583323000004,0.0,1.9,37.0,16.1483,86.16848926700001,0.8535784636,24.3,21.1,100.0,18476.2912,9.2397043295,9.9236641221,25.70905764,13.717998455999998,73.238180196,1.9318925999,9.874863982599999,21.2919,11918.054778,0.1,0.0,19.375,5.7,0.0,0.0,0.0,0.003634211889251512,0.0,0.0,0.0,0.0,0.6098126789899829,0.0,0.0,0.0,0.3865531091207654,8.3135391924,11.6,71.22266401600001,0.0,7.1875,1191.3,16.336281464000002,40.0,8121,Washington County,CO,7.2,92.424242424,18.0,43.726630661,364.2,94.67747910899999,0.0,79.086120382,0.00020370747606437162,3.4622100234,40.50223,0.7633587786,0.684,40.50223,1.475826972,20.3749,3.2760821131999998,4938.0,2142.0,11.24807396,6.6079295153999995,0.0,22.571148184000002,133.95157135,0.18287684,599.89032,0.4810563,-0.010936068,0.239,0.0027032647119983365,0.004574755666458723,0.010813058847993346,0.0,0.012476606363069246,0.012684549802453732,0.9567477646080266,0.9448456992777412,0.01750930181659006,51458.0,0.4123,42.0,0.1606174384647476,120300.0,16.2999185,74.0,0.5178,0.81,9331.92,0.19582827055488053,0.13989435733996655,64.0,0.6432179696258996,0.42711331569280514,0.312274699187483,0.5854790369413616,0.4958940920523054,0.291721889631287
17.133346387,16.885320802,64.285714286,11.9,8680.0,6.44122383252818e-05,5.6,64.61395994899999,21.256046162,10.408981857,46.583121206,8.7,36.664695445999996,9.8817428759,9.0169189464,8.4589778735,6.8,24.484334006999998,0.0,8.0,28.5,13.4459,87.846746296,0.9780467211,16.3,12.9,82.59785757600001,20659.477791,12.405745063,14.380952380999998,27.924379676999997,14.413477925,61.957077158999994,2.2400500104,9.6182723465,10.4191,14637.607931,0.07,0.00966183574879227,50.385604113,4.1,0.0,0.0,0.0,0.0975506502221828,0.03978053164011122,0.0,0.14473735821158076,0.0,0.07678718100109512,0.17765297789076798,0.0,0.04759916105694854,0.4158921399773137,11.384152457,11.5,68.955276031,0.0,10.701107011,590.66,0.30012048339999997,37.0,8049,Grand County,CO,8.6,90.4,41.0,78.488176245,223.9,84.034752436,0.0,83.113746828,0.0,3.2842846115,26.107960000000002,0.6666666667,0.442,182.75569,3.1428571429,66.63113,2.9476127648,15321.0,3144.0,10.4,6.8655643422,6.44122383252818e-05,16.420361248,80.809635587,0.30179122,933.75751,0.48045617,0.001559601,0.1718,0.00027039816129250315,0.018860271750152098,0.0037855742580950452,0.007233150814574461,0.032177381193807884,0.002906780233894409,0.9347664435881836,0.9024767801857584,0.03504081058260625,66489.0,0.402,38.6,0.6534059945504087,285000.0,17.324093817,71.0,0.4759000000000001,0.69,10661.16,0.14594347627439466,0.16852547218336866,58.0,0.6849646509077802,0.54758960241179,0.4896956715780554,0.8056334264827787,0.5244416623822685,0.28599421590715707
23.822179233000004,12.651076429000002,36.87150838,9.0,5283.0,1.2284729313667527e-05,6.9,77.37334456100001,19.853874424,11.97505455,50.499804059,298.6,41.427098443,9.7368031682,8.1965917815,19.276357122,4.1,28.252614258,63.29,716.7,40.3,22.0334,60.457630176,4.0908819541,21.9,15.3,1.5753413881,22705.040275,14.337010712,17.105836237000002,29.005929312,13.447362068,72.05158074399999,2.7801728431,8.5282184496,19.9397,16089.729734,0.08,0.07306803436653025,22.80009508,8.1,0.0035857361411998742,0.0034342620176949393,0.0006660376584516126,0.1285632529076654,0.05352342032436773,0.016003726202565106,-0.0009173323389633756,0.04871028394088275,0.017850878103503998,0.05489189827704677,0.008371315797828049,0.000959628367069126,0.6643568926006882,5.8134723601,11.9,62.64478477300001,1.0749138149459088e-05,9.5199030484,1372.39,2.4007253084999998,46.0,8005,Arapahoe County,CO,8.4,80.931603774,51.0,98.810146101,251.6,65.729348728,0.0,81.165232042,1.5355911642084408e-05,3.2372305889999997,104.96818,0.4943379791,0.588,332.32149,3.0095818815,84.13544999999998,2.7173219317000004,643052.0,2928.0,10.014739621,4.793760482200001,4.606773492625323e-06,19.800550311,329.9652518000001,0.37447494,1129.9449,0.20093599,0.009583544,0.1352,0.005702093161318328,0.057253930662036476,0.10463572354184088,0.002122525582018857,0.06658027615174941,0.044453345930176885,0.7192521049708591,0.7741204765844214,0.10348568455706136,69553.0,0.4595,39.4,0.043689103332777805,292900.0,7.9897279411,71.0,0.5494,0.94,10875.94,0.12288897320900953,0.19494973329691026,43.0,0.6201366857106263,0.40157867865098124,0.5563024634068519,0.7600591570959206,0.4300247318039491,0.3372010320408692
23.949579831999998,19.98253847,27.777777778,28.0,4178.0,5.4253472222222226e-05,7.8,79.361942405,15.031359595,22.89830646,50.840336134,7.1,68.717793271,12.630222466,13.572961869,41.869475063,10.8,28.917191531,0.0,14.9,14.0,25.5175,54.070719196999995,2.4844720497,29.0,20.7,34.406032606,17937.042643,17.948363938,17.505030181,39.392523364,17.852568409,64.42120622600001,4.142720306499999,10.537102473,27.0164,13220.636991,0.16,0.0774197048611111,35.811106253,5.7,0.0,0.0,0.0,0.014960139880040732,0.09761712916292184,0.0,0.29815741397763273,0.00047233599428191017,0.012828469385842046,0.055250460516169435,0.0,0.006497613265509693,0.5142164378176016,21.250662427,11.1,64.259012016,0.00016276041666666666,9.0439276486,2130.27,14.910278686,34.0,8089,Otero County,CO,7.4,90.610328638,38.0,59.380808242,454.4,92.235906896,0.0,76.418959517,5.4253472222222226e-05,4.0524606185000005,43.65383,0.6706908115,0.608,381.97097,2.7364185111,60.12572,4.3007858667,18326.0,5016.0,12.757898934000002,5.2522460263,5.4253472222222226e-05,42.678613535,157.71125007,0.15354581,737.2430400000003,0.5708186,-0.018536527,0.2621,0.015061391541609825,0.009931787175989084,0.007639836289222373,0.008512960436562073,0.03661664392905866,0.020190995907230558,0.9020463847203274,0.8598711325245254,0.01828524989841528,35051.0,0.4709,38.4,0.16545961002785514,91800.0,15.304728068,71.0,0.5306000000000001,1.01,8437.16,0.2327840226999891,0.2524012575960744,62.0,0.30304384257833766,0.44119725032377033,0.2567548894155141,0.6262995383789485,0.2294156129527715,0.2493617221386188
24.32432432400001,22.204100651999997,0.0,15.6,3746.0,0.00046663555762949143,8.5,71.483808603,16.560973512,12.266580216,50.55917987,3.0,39.010989011,10.546538803999999,10.020487932,21.295433364,4.1,24.756700711999997,0.0,6.5,21.8,16.8553,76.304753029,3.4832015810000003,23.5,18.9,100.0,32931.875510000005,11.932877564000002,18.713450292,12.34911792,13.461230048,57.003891051000004,1.6557566422999999,12.579569567,22.1384,20894.984715000002,0.13,0.06812879141390574,27.67024140624727,5.9,0.0,0.0,0.0,0.0,0.0,0.0,0.0,0.0,0.5459097647327733,0.0,0.0,0.0,0.4540902352672267,12.515538016128572,10.3,67.924528302,0.0,5.6994818653,1417.04,1.6937663105,37.0,8095,Phillips County,CO,8.7,92.75362318799999,37.0,81.877532643,383.8,97.006651885,0.0,79.668009065,0.0,3.4436110939,23.29916,2.3391812865,0.636,93.19664,5.4970760234,139.92537000000002,3.2384580694,4292.0,3230.0,14.329268293,8.3729781161,0.00046663555762949143,29.136316336999997,161.27174289,0.15496315,601.0,0.60069418,-0.012410564,0.246,0.010399815114397968,0.003697712040674833,0.003004391033048301,0.0,0.023110700254217704,0.021261844233880285,0.9385255373237807,0.8070652173913043,0.0024703557312252965,50076.0,0.4565,40.6,0.12124352331606215,132600.0,27.985074627,75.0,0.5528,0.88,15205.95,0.2061975768872321,0.1440210879463216,44.0,0.6708840999025261,0.4148485365914908,0.2698862972468972,0.8387839564184404,0.48847032003129137,0.34324594068876463
18.370259106,25.189635749,23.076923076999996,21.0,7238.0,7.264802034144569e-05,6.6,71.013960323,16.378745455,12.586152927,49.823507323,6.5,46.045918367,10.567922815,10.023305133,18.047315058,3.4,24.601612961,91.23,9.0,13.2,11.4683,76.92827638,0.8937520882,19.4,12.6,59.376034426000004,18494.210064,14.883891022,17.71321462,26.584587323,13.903361755,62.285714286,3.0031851964,13.68179925,11.1111,10173.332548,0.09,0.030948056665455862,50.60790273600001,4.4,0.0,0.028963086546196875,0.0,0.0,0.0,0.0,0.0,0.0464532952751718,0.4340690290225108,0.0,0.0,0.0,0.4905145891561206,8.8235294118,10.1,73.401764812,0.0,7.960199005,581.66,10.672981092,36.0,8007,Archuleta County,CO,7.9,84.210526316,30.0,89.40748096700001,241.1,90.535110151,0.0,82.696267974,0.0,3.3758905625,45.06196,1.4995313963999999,0.523,120.16523000000001,3.0927835052,85.57647,3.297084279,13315.0,3628.0,15.150278797999999,9.0601185436,7.264802034144569e-05,21.852731590999998,190.26029227,0.3899489,676.81415,0.49595705,-0.005608656,0.1705,0.024777636594663286,0.007306226175349428,0.01397712833545108,0.0,0.10228716645489196,0.01087992376111817,0.8407719186785261,0.8646842632809891,0.03299365185432676,48016.0,0.4401,38.1,0.3911851770639184,274000.0,13.225455110999999,71.0,0.4998,0.69,9158.84,0.2487420202778821,0.16914715511496167,35.0,0.5517279678631946,0.5825549681520563,0.5973949231199143,0.726585020823167,0.4841359074282821,0.21570807232542785
19.871108014,11.587505907,37.552742615999996,17.4,5283.0,1.5352578954126493e-05,5.1,69.887866747,25.660681818,14.335835413,49.897178767,1868.0,67.279231865,10.697263967,10.012007117000001,29.919772473000002,7.2,27.691240525999998,48.49,3922.6,36.3,20.9521,54.384271828,6.2342760732,16.0,11.6,0.0,23181.392872,16.240222865,19.367646259,35.688038013,15.928435817,73.453076026,2.7547675279000003,10.287222935,18.2267,17260.051334,0.16,0.11234877709730186,30.73242158,8.2,0.014761791373733797,0.012191509611356177,0.0245182368365235,0.28650691632316383,0.0218590561374692,0.0076398414518248515,0.012022928085037705,0.032992002298005564,0.020579203939871712,0.011181597559190263,0.012029323694452629,0.0028759690301900834,0.5408416236591795,7.233938205,12.5,50.084591766,4.884911485403884e-05,9.1558981118,1647.57,4.5293046808,42.0,8031,Denver County,CO,8.1,66.554233978,46.0,99.47597132799999,325.1,73.963123931,2.7913779916593626e-06,79.53117897,1.116551196663745e-05,3.6067893531,73.37278,0.9717362534,0.565,532.4848400000002,3.3466886637,131.30176,3.1684113592000003,704621.0,2876.0,12.262857315,3.8263857238,8.374133974978087e-06,34.449964892,631.46154365,0.38198137,1119.9182,0.22485624,0.019932155,0.1863,0.009634956453298392,0.036012068383576505,0.09501714895492336,0.0014635936604138447,0.05485307317820911,0.03440255753043258,0.7686166018391462,0.7328243914042796,0.0658368791756527,60098.0,0.5001,39.7,0.06342064594377825,322900.0,10.561856116,71.0,0.5347,0.99,10106.33,0.11352911707144693,0.22361839661885588,61.0,0.43527963396445424,0.4124633324159627,0.49507324610137204,0.7054571412713418,0.29501561719051594,0.4025706935068206
22.020348836999997,23.764534884,33.333333333,19.1,4215.0,0.0007230657989877079,7.5,78.571428571,16.482821917,13.379893982,51.744186047,0.5,41.568627451,11.51246286,10.632877105,8.938953488400001,3.3,26.761756211999998,0.0,0.8,16.7,16.8905,89.026162791,0.2459016393,22.2,22.8,100.0,31976.358143,10.318949343,10.256410256,40.476190476,14.499142903,64.444444444,1.804670913,10.582524272,18.442014814814815,24662.314286,0.09,0.02386117136659436,27.67024140624727,5.8,0.0,0.0,0.0,0.03877849589919361,0.2510300561627879,0.0,0.5275770035107091,0.005651885666874468,0.0,0.033646886493260884,0.0,0.0,0.143315672267174,12.515538016128572,11.9,76.041666667,0.0,12.280701754,1557.8,42.529023484,27.0,8061,Kiowa County,CO,4.7,95.23809523799999,35.0,58.512160228999996,533.4,91.84535816877967,0.0,80.76581954577966,0.0,3.7368974281,0.0,0.6837606838,0.762,209.38368766666665,2.3931623932,0.0,3.438052405,1376.0,1987.0,11.275167785,8.4967320261,0.0007230657989877079,25.74546230447407,189.21357314146775,0.20051858,393.0,0.59504133,-0.01740857,0.2361,0.0,0.0,0.005847953216374269,0.0,0.0,0.07017543859649122,0.9239766081871345,0.9868852459016394,0.004098360655737704,39250.0,0.4279,38.9,0.28,83200.0,21.849963583,74.0,0.5433,0.85,15676.32,0.18727043936347113,0.1201528662420382,24.0,0.669445011975496,0.46304728218360713,0.3544251747557289,0.21997719968150609,0.3640576382837412,0.43771218937793666
16.031221855,31.492044431,33.333333333,37.8,6221.0,0.0001451589490492089,9.2,75.431034483,15.025878636,17.61173892,48.934253978,3.2,71.22762148300001,11.714224328,11.773498322,34.494145902,5.3,27.909651861,0.0,4.2,23.1,15.6701,61.25788051600001,0.4042288557,21.7,18.3,56.146624943999996,19682.074981,13.125209802,17.024793388,44.990176817,14.562579928,61.120543293999994,5.7364341085,8.714062848200001,21.7869,12627.62133,0.15,0.02859631296269415,29.904761905,4.4,0.0,0.0,0.0,0.0,0.0,0.0,0.11184492865659668,0.0,0.0,0.0,0.0,0.0,0.8881550713434033,9.638554216900001,10.6,71.91931925600001,0.0001451589490492089,10.385756677,1412.37,12.664016859,38.0,8055,Huerfano County,CO,7.7,86.27450980399998,25.0,75.368797497,514.1,158.47860539,0.0,74.54771827399999,0.00029031789809841774,3.7925482495,30.021009999999997,0.9917355372,0.6940000000000001,150.10506999999996,0.9256198347,89.86072,3.7372066146,6662.0,2593.0,10.03440367,4.3684710351,0.0001451589490492089,33.492822966999995,409.06487769,0.25875071,556.27045,0.53025126,-0.034964919,0.2782,0.01908279470606341,0.0009233610341643582,0.006309633733456448,0.0,0.011388119421360421,0.013696522006771314,0.948599569098184,0.8970771144278606,0.013215174129353234,35801.0,0.46,37.8,0.390978886756238,137400.0,16.47446458,71.0,0.5069,0.85,8305.27,0.3299309516661663,0.1864541604983101,12.0,0.3008722510959242,0.463760772446801,0.40078558451739194,0.6781598080826434,0.3106438484204158,0.4030409901672176
21.392476137,25.238629983000003,8.3333333333,32.1,4405.0,0.00027894002789400284,8.7,71.286513362,16.192526522,15.789310620999998,49.831555306000006,0.9,62.767710048999994,11.945860132,11.527425588,11.061201572,3.8,26.431645242,0.0,1.5,21.6,20.8284,84.952274003,3.007962253,22.3,20.7,100.0,26374.46625,11.095983662,12.420382166,22.39010989,15.783490633,73.10344827600001,1.6370439663,14.36825886,23.1953,19564.970925,0.12,0.05578800557880057,30.64516129,5.6,0.0,0.0,0.0,0.08885896969717844,0.06897508313002719,0.0,0.0,0.0,0.22328186848102,0.10441339481084566,0.0,0.2437586748563619,0.2707120090245669,27.130434783000002,12.8,71.615720524,0.0,4.7781569966,1279.13,8.3983311563,35.0,8009,Baca County,CO,7.7,88.235294118,25.0,85.87645195399999,323.8,132.80212483,0.0,80.167352362,0.00027894002789400284,3.8277322905,56.14823000000001,2.1656050955,0.642,28.07412,1.847133758,84.08072,3.7451647717000003,3562.0,5330.0,15.563790365,11.378848728,0.00027894002789400284,43.541364296000005,96.471885336,0.1897468,531.0,0.71194363,-0.024620038,0.2494,0.010890812622172577,0.0,0.015358838313320303,0.0,0.006702038536721586,0.013962580284836636,0.9530857302429488,0.9147744028310232,0.01592450604541433,35898.0,0.4441,41.7,0.2897651750110766,79800.0,16.816143498,74.0,0.534,0.94,12574.02,0.26754632229084785,0.17750292495403644,48.0,0.5105442047683116,0.4467853343258674,0.30182724654139265,0.6404075169437864,0.34519861517746986,0.2676029775998058
15.026988492000001,24.605356961,21.428571429,14.6,7060.0,4.99325910021471e-05,6.7,71.751690227,20.487112413,11.551772265999999,47.056726753999996,9.9,33.67965368,10.401230712,9.4513531698,10.087585294,3.5,24.911217832,0.0,17.6,21.6,12.8205,85.227619921,0.6559726586,17.0,15.6,37.413667247,17664.396569999994,11.85620915,13.08833011,18.598949212,13.338342979,60.529266652,2.3288259283,8.901357191599999,13.8131,12618.631261,0.08,0.05347780496329955,9.3085106383,4.2,0.0,0.0,0.0,0.04635959218795229,0.021618422053458097,0.0,0.010278033022797577,0.07578546572973617,0.05887112327475294,0.08891689073955045,0.0,0.020941832493818542,0.6772286404979339,8.3998320034,10.7,77.101265823,0.0,8.3245521602,778.57,2.5231528080000003,38.0,8015,Chaffee County,CO,8.6,81.43712574899999,44.0,97.125049132,270.9,92.330223821,0.0,81.219076457,4.99325910021471e-05,3.6381078529,61.106019999999994,0.1934235977,0.547,183.31806,0.9026434557999999,89.20139,3.1038725406,19638.0,2382.0,9.7335667056,6.053664921499999,4.99325910021471e-05,17.316017316,61.134442613000004,0.32752493,801.32507,0.64664179,0.0025569911,0.1666,0.00419810819428207,0.007811669677967903,0.015942183016261026,0.0,0.00898076309916038,0.0264108831969391,0.9366563928153896,0.9288352351028056,0.025246678793892287,53762.0,0.4259,38.4,0.2568203198494826,313200.0,19.939133172000002,72.0,0.5143,0.74,10779.14,0.2482432019553926,0.1788605490867155,66.0,0.7129636805862682,0.6107731621561177,0.48475995894425383,0.8103188621994062,0.40789352064243994,0.36083958188967247
15.998669549,15.582903709000002,12.5,9.7,7555.0,0.0,6.4,74.85884101,19.82604672,10.115531828,47.280891401999995,23.8,27.356321839,9.6723796382,8.728550296,7.0846499252,4.0,26.448284848000004,0.0,36.3,63.2,16.8905,87.660069849,0.3061408248,21.3,14.9,100.0,20055.811912,15.732087227000001,23.300970874,11.402623613,14.354669383,81.298200514,2.0311630495,4.6442096871,18.442014814814815,11646.615156,0.06,0.0,20.930232558,4.6,0.0,0.0,0.0,0.0,0.0,0.0,0.0161987005003391,0.20964094771346314,0.5036454507835479,0.19621533661003987,0.0,0.051282497729081854,0.02301706666352816,4.0415704388,9.4,79.638878217,0.0,12.28668942,839.0,0.0,25.0,8047,Gilpin County,CO,9.0,86.956521739,43.0,81.694541445,221.8,68.436901177,0.0,84.527885179,0.0,3.2224496578,54.187791,5.0485436893,0.487,66.52253,1.1650485437,33.72113,2.9315052676,6013.0,1195.0,4.8852701702,3.9761431412,0.0,25.74546230447407,286.16265116,0.33688647,1046.0,0.24444444,-0.00060455338,0.172,0.012601415501467287,0.002761954082513378,0.005869152425340929,0.0,0.02088727774900741,0.029863628517175906,0.928016571724495,0.952638213578246,0.00990455609580407,72544.0,0.4523,41.7,0.2718881118881119,301700.0,5.0581689428,68.0,0.4817,0.78,10398.52,0.1337102943622152,0.1730260255844729,41.0,0.6928171969320271,0.3951237935557704,0.5275918209600973,0.9005107358765895,0.5480711752847409,0.46785131486500986
25.370215144,19.13942442,17.647058824000002,19.3,4334.0,0.00013960631020522128,7.7,74.544419134,17.828550723,14.23470917,49.888236938,1.6,58.642857143,10.522764031,10.63054166,18.357082984,6.1,27.522676081999997,0.0,3.8,9.3,13.9324,78.569432802,4.555963552300001,28.0,19.5,48.69407497,27364.630874000002,10.783608914,11.480865225,28.348214285999997,14.461637724000001,43.202979516000006,1.8237082067,13.120138289000002,20.5276,16112.031596,0.13,0.03532039648192098,31.090909091,6.1,0.0,0.0,0.0,0.069634296012544,0.04655839550396367,0.021205848416453014,0.0,0.024985258557316904,0.0,0.1924624710144205,0.0,0.004536704904868421,0.6406170255904335,9.7955706985,10.9,69.88313856399999,0.00013960631020522128,7.3959938367,1356.3,4.5101211316,26.0,8063,Kit Carson County,CO,8.4,82.456140351,35.0,19.927448609000002,266.7,94.33962264200001,0.0,81.544392365,0.00013960631020522128,3.3982026914,13.970379999999999,0.7986688852,0.688,69.85191,1.231281198,36.60769000000001,3.4301350060000004,7158.0,4529.0,15.35383846,8.2184517497,0.00013960631020522128,36.802030457,206.29533506,0.15017898,633.40771,0.64381927,-0.006313600999999999,0.3115,0.0014019882742798881,0.003696150904919704,0.03173591639051746,0.005098139179199593,0.03390262554167728,0.009941371399439205,0.9142238083099667,0.853937168502652,0.01903984768121855,45881.0,0.4867,42.5,0.15586245772266066,130200.0,18.303843807,73.0,0.539,0.78,13229.12,0.19823973176865045,0.16566536300429371,14.0,0.5661434460157229,0.48494669716308736,0.20999354370502604,0.7749252532301232,0.4251216523708118,0.22170711314309186
25.367908251,12.427686999,37.037037037,11.3,5400.0,3.3461602810774635e-05,5.1,73.068071907,20.494314372999998,13.047224082,49.051050441,7.9,46.976442219,10.184415535,9.7717890689,28.600426266,3.3,26.022838345,71.51,19.1,40.6,13.5511,68.111235157,4.8418238527,21.6,12.9,24.103991913,20555.550313,14.688715952999999,23.011639185,20.580918442999998,13.099400147,53.178408951,2.8793504941,15.301635692,13.7943,13743.712129,0.12,0.062188388823824665,16.61341853,5.1,0.0,0.045993195038881336,0.0005223752217456698,0.07136819410644157,0.019659369983304264,0.0,0.03892122495986538,0.02831656080523848,0.15409724273850905,0.05369688810006052,0.0,0.018792252189217096,0.5686326968567367,7.7737180295,9.1,66.06031821399999,0.00011711560983771123,8.4724907717,797.02,4.739622896,37.0,8045,Garfield County,CO,8.7,85.13853904300001,42.0,86.584262888,257.4,72.198939019,0.0,80.679215982,1.6730801405387318e-05,3.3362039048,71.04435,1.3821532493000002,0.569,231.73991,5.407371484,86.60655,3.1490700343999998,59118.0,2788.0,18.336717335,8.077072791,3.3461602810774635e-05,34.159517,188.98070679,0.24033463,1053.5021,0.32126161,0.0064131897,0.2023,0.009733367848822158,0.00805936664078005,0.004072827681422038,0.00010354646647683149,0.07514021917335405,0.02511001812063164,0.8777806540685132,0.7484962126837962,0.01678300905985445,66503.0,0.4135,39.8,0.1129134190014746,323800.0,9.849372527,71.0,0.5179,0.77,10343.54,0.12375249500998005,0.19009706629776102,42.0,0.5704609941250757,0.5277145156351621,0.36594125114209153,0.849697579706448,0.43849232971177227,0.18146337189346418
17.067123207,12.657181652,25.0,12.4,7664.0,5.798446016467587e-05,4.5,57.738095238,22.530978625,11.879663253,45.923608241000004,3.5,27.033609352,11.014367836,10.365095405,9.2331306453,6.9,26.125460326,68.96,4.7,20.4,9.7986,87.19522994299999,1.1052223370999998,15.9,12.0,58.607413208000004,19848.877927,17.859965228,19.570405728,32.417195208,15.585525229000002,77.48986029699999,1.997386597,10.424080664,10.4518,13157.900049,0.06,0.030557810506784182,38.241758241999996,4.2,0.0,0.002206898935110223,0.0,0.04576351237262672,0.0269791516605365,0.0,0.022624705285081568,0.009276171426650288,0.08326545162637182,0.10014860412233698,0.0,0.2129711001419365,0.4967644044293495,0.9756097561,13.7,58.69130100100001,0.0,9.8231827112,489.52,3.8966114606,38.0,8051,Gunnison County,CO,7.9,95.12195122,40.0,90.903158444,234.9,81.839148873,0.0,81.952430476,0.0,3.6242799776999997,41.32475,2.2275258552,0.4270000000000001,218.43084,2.76849642,79.22964,3.4028308743999998,16939.0,1863.0,11.419493505,6.694129763099999,5.798446016467587e-05,9.0161760806,179.08196927,0.45308527,855.13037,0.71915275,0.0095939506,0.1866,0.008695652173913044,0.0057354301572617936,0.0046253469010175755,0.0008633980881899478,0.0044403330249768716,0.018378045020043168,0.9572617946345976,0.9102249224405378,0.019195966907962773,52651.0,0.415,36.4,0.4479857215706272,313900.0,18.893222817999998,72.0,0.4792,0.7,9927.71,0.12562725072318318,0.19489780706919144,83.0,0.6760823556181355,0.5632113212935708,0.7525189757976214,0.6620650413683531,0.41243795813863016,0.29997922020183154
20.00790097,16.051847069,37.991266376,8.3,5637.0,8.617227906720233e-06,5.6,78.335468369,21.9316942,10.201051107,50.13600458,300.9,32.684573812,9.3295057389,8.613469692799999,15.372781332999999,3.5,25.331158873000003,62.74,699.5,42.5,22.5889,78.334809689,1.5000252719,20.5,12.4,6.8963581976,19685.550702,12.873556044,14.316478981,25.304379587,13.30239673,77.091011634,2.627923415,6.6488905977999995,17.429000000000002,14736.645413999999,0.06,0.051587896586371335,19.518716578,8.4,0.016862157427489016,0.007736638887422712,5.109019543637788e-19,0.062213539399532836,0.05870196725820673,0.0039766650871743145,0.04028721403076048,0.04717284090656485,0.07457265922570068,0.07241613953150884,0.0,0.005930963984832186,0.6101292142608069,6.9015801978999995,9.7,70.794758675,1.378756465075237e-05,8.284038253,1020.72,4.0354645587,42.0,8059,Jefferson County,CO,8.6,83.474443399,49.0,99.204367095,260.2,76.4277046,0.0,80.746784301,1.7234455813440467e-05,3.1817543536,93.10614,0.9713311498999999,0.579,277.57813,1.33249585,82.19125,2.8360640365,574613.0,2503.0,7.8312239545,3.1858566650999998,5.170336744032139e-06,12.822002019000001,253.58037445,0.39269111,1091.5781,0.23216949,-0.001183269,0.1427,0.007988950922736241,0.027019887275299675,0.01104198542982719,0.0006542216800909174,0.017591294064666887,0.02736561417941276,0.9083380464479665,0.8902452493583756,0.04743996061333868,75170.0,0.4352,38.8,0.03744095053788884,334100.0,7.6770128551,71.0,0.5401,0.94,10106.0,0.16052891250284976,0.17425751230544098,30.0,0.6892273662432287,0.41373784693261123,0.5979821684732614,0.8332210413280189,0.4865754613887766,0.37470658647657745
13.838120104000001,30.939947781,25.0,12.5,8500.0,0.0,7.1,49.861495845,17.776278734,10.835922459,49.869451696999995,1.4,62.962962963,10.08753732,9.209722790599999,6.3968668407000004,3.8,23.98616122,0.0,0.8,17.7,16.8905,91.122715405,0.2436053593,18.6,13.6,100.0,11965.914848,9.793814433,9.1891891892,32.926829268,13.313016822,74.233128834,1.9867549669,8.637236084500001,18.442014814814815,12075.227917,0.07,0.0,25.641025641,3.8,0.0,0.0,0.0,0.0,0.0,0.0,0.5782829951754676,0.0,0.0,0.0,0.0,0.0,0.4217170048245324,10.526315789,8.3,85.396039604,0.0,9.619186631178689,547.29,3.9626015963,41.0,8079,Mineral County,CO,8.9,100.0,55.0,100.0,315.53000000000003,91.84535816877967,0.0,80.76581954577966,0.0,3.3417957643,0.0,0.0,0.635,0.0,1.0810810811,136.61202,3.0046779486,766.0,1543.0,9.156626506,6.3636363636,0.0,25.74546230447407,137.17421125,0.39076576,827.0974296721313,0.65922922,-0.012513128,0.0225,0.011990407673860913,0.0035971223021582736,0.017985611510791366,0.0,0.08513189448441247,0.02517985611510792,0.8561151079136691,0.9610231425091352,0.01705237515225335,50385.0,0.3927,40.0,0.6885119506553585,279000.0,54.644808743,72.0,0.4931,0.77,10622.59,0.3302872062663185,0.1841457099501543,37.0,0.5405562818366626,0.6196679243887024,0.6789402496332761,0.8947603777192268,0.5619701227010981,0.3280652425086059
16.416353775999998,26.074259491,25.0,11.1,8756.0,0.0,7.6,63.71040724,18.089702601,10.66755091,49.290780141999996,5.7,30.019120459,9.9284017328,9.01211737,6.2369628702999975,5.5,24.537233931,0.0,8.2,37.8,16.8905,90.71756362100001,0.6182380216,19.3,15.2,100.0,19944.632237,20.727101039,16.414141414,28.803545051999997,12.631844991,78.700361011,2.880838062,9.2906815021,18.442014814814815,12361.312639,0.06,0.0,27.67024140624727,4.1,0.0,0.0,0.0,0.05441424246304523,0.040748005464801146,0.0,0.0,0.0,0.1338176979028226,0.040117341776174466,0.0,0.00020865385571065524,0.730694058537446,12.515538016128572,11.9,69.41923775,0.0,12.371134021,374.38,1.7289086109,34.0,8091,Ouray County,CO,8.4,93.333333333,43.0,69.43192064899999,205.7,123.25739544,0.0,86.5652885,0.0002069108214359611,3.270101908,125.15645,1.2121212121,0.4370000000000001,146.01585,0.7575757576000001,102.9442,2.9819547281,4794.0,1055.0,9.7526501767,7.9462102689,0.0,25.74546230447407,81.632653061,0.41266376,983.0,0.50205761,-0.029370485,0.0999,0.003223726627981947,0.005157962604771115,0.0,0.0008596604341285192,0.0006447453255963892,0.009456264775413713,0.9806576402321084,0.8920291455067344,0.029807904614705238,61333.0,0.4382,39.4,0.3144634525660964,420600.0,16.471072679000002,72.0,0.49,0.6,9374.1,0.2484355444305381,0.19232713221267508,28.0,0.5265329712579595,0.610471724251679,0.6796210843127577,0.7691010575392597,0.4912958917951047,0.3728556111338368
23.971962617,15.07788162,16.666666667,11.5,6242.0,0.0003156565656565657,5.9,67.793773016,20.461439842,11.874902815999999,48.785046728999994,1.0,32.943013271,10.217510374,9.4876420732,9.5638629283,5.1,26.840016669,66.3,2.1,17.8,14.6667,84.968847352,1.2978585334000001,20.8,14.4,100.0,27143.101694,10.07751938,11.89516129,24.292007551999998,14.087140276,68.76143990199999,3.8625088589999996,9.438583270499999,18.1333,19996.008366,0.09,0.05192550505050505,62.234042553,5.7,0.0,0.0,0.0,0.12277087321232605,0.09496230840921696,0.0,0.0,0.0020553661621706713,0.0,0.20542251685289392,0.0,0.18604319181117904,0.38874574355221336,8.6283185841,13.1,68.969797269,0.0,7.5925925926,1039.83,2.3336726802000003,34.0,8103,Rio Blanco County,CO,8.1,97.5,17.0,94.779477948,336.9,99.84871407,0.0,79.152002358,0.0,3.3457245951,62.3053,1.2096774194,0.674,202.49221000000003,3.5887096774000002,152.78839,3.0541973708,6420.0,4506.0,10.639426904,6.6791510612,0.0003156565656565657,18.735362998,96.740586397,0.22762167,715.53827,0.58757657,-0.027095513,0.3011,0.0013725789232880892,0.0009150526155253928,0.0030501753850846426,0.001220070154033857,0.002592649077321946,0.020131157541558642,0.9707183163031874,0.922615184944841,0.009247242050616479,57991.0,0.4236,39.8,0.28321470937129306,201000.0,15.278838808,72.0,0.4982,0.82,12811.13,0.15529595015576325,0.14806537635150285,73.0,0.662762102470758,0.5149045903784885,0.4087051951698165,0.7090541682353602,0.4798862574670489,0.36505403947040493
20.563139932000002,25.42662116,25.0,23.5,3469.0,0.0004342162396873643,8.6,75.57172557199999,16.269093441,13.667869453,50.55460750899999,2.6,53.457446809,10.910672188,10.259855277,15.059726962000001,5.6,28.41836304,0.0,4.3,27.1,16.8905,81.31399317399999,0.6398537477,21.2,18.9,100.0,21084.744605,9.5534787124,10.526315789,39.761431412,14.921177964000002,72.771084337,2.2240527183000003,11.235955056,22.2426,11855.255227,0.12,0.06556665219279201,27.67024140624727,5.7,0.0,0.0,0.0,0.07905472644397744,0.0,0.0,0.17657397007883374,0.0,0.5752271442308718,0.0,0.0,0.1447593002647095,0.024384858981607492,12.515538016128572,11.8,71.142284569,0.0,6.7796610169000004,1412.51,4.9324630692,25.0,8115,Sedgwick County,CO,8.1,62.365591398,19.0,62.505254308999994,440.0,118.06375443,0.0,77.737650321,0.0,3.5142881054000004,42.66212,1.4736842105,0.722,209.38368766666665,0.8421052631999999,83.09098,3.3290221376,2344.0,2301.0,12.689969605,7.228915662699999,0.0004342162396873643,24.719101124,337.55274262,0.12679955,827.0974296721313,0.51668459,-0.043843836,0.2569,0.010182435299109036,0.015273652948663556,0.012728044123886296,0.0,0.024183283835383963,0.036062791684344515,0.9015697921086128,0.9305301645338208,0.009140767824497258,49583.0,0.4379,39.1,0.2305319969159599,91500.0,16.618196926,74.0,0.5405,0.82,10647.31,0.27517064846416384,0.1841457099501543,28.0,0.5528525418349153,0.4119425694401219,0.07097070013100298,0.7303104220788043,0.46607274910926344,0.36747657933322314
26.444278854,11.865424954000002,30.07518797,10.6,4653.0,9.544868837594057e-06,7.0,79.959827624,20.562002535999998,14.007672533,49.592460436,24.2,43.981970953,10.337044794,9.7910815396,29.314946181,5.3,27.964312695,54.79,63.4,39.4,21.7666,65.961337084,3.8272379067,26.4,16.6,20.460001978,20705.255209,12.654270029000001,16.289304841,23.856903445,15.520743001,62.81652267,2.6664801699000003,8.7313661065,22.13300000000001,14688.429159000001,0.14,0.03792176389176119,20.52466534,8.6,5.369067229768703e-05,0.013596869688033902,0.0,0.061823323406437376,0.03556727347710911,0.003001483914564593,0.006621566281071241,0.092603073692619,3.191674481945283e-05,0.05348972728578876,5.3643526036176344e-05,0.02060100494524528,0.7125564263659776,7.6162026526,8.9,71.581995051,3.817947535037623e-05,8.0592163375,1607.03,4.8983465225,43.0,8123,Weld County,CO,8.7,82.106782107,47.0,79.769010185,290.0,67.099848205,0.0,80.16550325899999,3.181622945864685e-06,3.491396965,43.33083000000001,1.0658041254000001,0.645,234.05212000000003,3.1390847871,49.163880000000006,3.254835799,304633.0,2653.0,10.564780694,4.6986949449,3.181622945864685e-06,26.87820148,272.7775432,0.25718427,844.87079,0.29237303,0.026151154,0.1759,0.007244626901714563,0.0135793006660157,0.011195923409944387,0.0009064533176541408,0.05191982612895436,0.027102604215882883,0.8880512653598339,0.8049362756578301,0.021591484282336232,66489.0,0.42100000000000004,39.4,0.04157584952038945,245000.0,6.7134119051,71.0,0.5339,0.92,10221.09,0.12366027318117208,0.1524831096873167,53.0,0.659638272306561,0.3722575373543226,0.37712888139619705,0.8562125777924543,0.3701373990990587,0.3244712379595214
23.630031753,13.249732957,57.142857143,4.8,0.0,1.44368891391283e-05,6.2,77.891769356,21.096669655,10.099089559,50.262653458,685.5,18.877274487,9.4047359511,8.323665780599999,12.402510937999999,2.4,25.859454176999996,0.0,1691.9,43.1,19.4873,76.937709428,1.8957972091,18.8,11.4,0.5832990392,17900.709403,11.624347553,12.877178071,15.200258397999999,12.836509414000002,86.175670017,2.6256880251,5.0624645576,16.9531,13425.393585,0.10984126984126984,0.08061558895289242,6.6587864460000015,8.5,5.144167997902255e-05,0.002710976534894489,0.0033622013058184678,0.029478160468386912,0.06780147909287404,0.1663195586075228,0.26784766901441337,0.004707081828145854,0.0121806165127322,0.09891058289509,0.0,0.0,0.3466302320601428,4.5046694745,9.7,66.72449687699999,0.0,8.0238046378,902.05,5.1980311719,46.0,8014,Broomfield County,CO,8.5,83.63304993114286,56.0,99.620676698,204.5,57.534894136000005,0.0,83.089817225,2.88737782782566e-05,3.284937614,87.79503000000004,0.9987250319,0.552,122.91304,1.8487037824,102.21107,2.7966769011,68341.0,2152.0,6.0020876827,2.7128547579,1.44368891391283e-05,10.668292311,50.922081381000005,0.45797268,1222.5862,0.20955442,0.034513794,0.1336,0.0046824199243968075,0.06476051211051133,0.011231585333602974,0.0,0.02188759080938973,0.03623041861767497,0.8612074732044241,0.8767731814053342,0.07099331186524648,85639.0,0.4270000000000001,39.3,0.03608458136682894,356500.0,6.4633468112,72.0,0.5623,0.86,10667.77,0.12613219004697035,0.1713125375121148,11.0,0.8554674514617537,0.40969515660381006,0.7018372747206081,0.817574196566856,0.5291931722093546,0.40408031613856304
